country,1960,1961,1962,1963,1964,1965,1966,1967,1968,1969,1970,1971,1972,1973,1974,1975,1976,1977,1978,1979,1980,1981,1982,1983,1984,1985,1986,1987,1988,1989,1990,1991,1992,1993,1994,1995,1996,1997,1998,1999,2000,2001,2002,2003,2004,2005,2006,2007,2008,2009,2010,2011,2012,2013,2014,2015,2016,2017,2018,2019,2020,2021
Aruba,,,,,,,,,,,,,,,,,,,,,,,,,,,15.2k,17.7k,21k,23.5k,24k,25.1k,25.7k,26.7k,28k,27.9k,27.4k,28.4k,28.1k,27.6k,29k,29.7k,29.1k,29.1k,30.9k,30.5k,30.5k,31.1k,31.2k,27.2k,26.2k,26.8k,26.3k,27.8k,27.6k,28.4k,28.9k,30.3k,31.7k,31.8k,25.8k,30.3k
Afghanistan,,,,,,,,,,,,,,,,,,,,,,,,,,,,,,,,,,,,,,,,,,,360,363,354,380,384,429,437,512,569,551,596,608,603,592,590,589,579,584,553,426
Angola,,,,,,,,,,,,,,,,,,,,,2660,2450,2360,2380,2430,2430,2410,2420,2490,2400,2250,2190,2000,1470,1450,1610,1770,1830,1860,1840,1830,1850,2030,2020,2170,2400,2590,2840,3050,2960,2990,2980,3120,3150,3190,3100,2910,2810,2680,2570,2350,2300
Albania,,,,,,,,,,,,,,,,,,,,,1740,1800,1820,1800,1740,1740,1800,1750,1690,1810,1610,1160,1090,1200,1310,1490,1630,1460,1600,1820,1960,2140,2250,2380,2520,2680,2850,3040,3300,3430,3580,3680,3740,3780,3860,3950,4090,4250,4430,4540,4410,4830
Andorra,,,,,,,,,,,43.3k,42.2k,42.6k,43k,42.6k,40.3k,39.2k,38.2k,36.8k,35.2k,34.4k,33.1k,32.1k,31.2k,30.5k,30k,29.8k,30.1k,30.3k,30.6k,30.6k,30.3k,29.6k,28.4k,28.1k,28.1k,28.8k,31.1k,31.9k,33k,33.9k,35.7k,35.7k,37.3k,38.7k,39.3k,41k,42.7k,41.5k,40.4k,40.9k,41.5k,39.2k,37.6k,38.4k,38.9k,39.9k,39.3k,39.3k,39.4k,34.4k,36.8k
UAE,,,,,,,,,,,,,,,,102k,105k,111k,95.9k,103k,114k,110k,96.7k,86.9k,85.5k,78.2k,62.4k,60.2k,54.8k,57.9k,64.6k,61.6k,60.5k,58.3k,59.5k,60.7k,60.8k,61.6k,58.1k,56.3k,59.1k,56.8k,55.3k,57.3k,60k,58.7k,56.3k,48.5k,42k,34.8k,33.3k,35.3k,36.6k,38k,39.2k,41.5k,43.5k,43.4k,43.6k,43.8k,41.3k,42.5k
Argentina,7410,7690,7500,6990,7570,8240,8060,8190,8450,9130,9260,9630,9630,9740,10.1k,9940,9580,10.1k,9480,10.3k,10.3k,9590,9370,9620,9620,8990,9400,9510,9260,8470,8140,8760,9330,9960,10.4k,9970,10.4k,11.1k,11.4k,10.9k,10.7k,10.1k,8900,9580,10.3k,11.1k,11.9k,12.9k,13.2k,12.3k,13.6k,14.2k,13.9k,14.1k,13.6k,13.8k,13.4k,13.6k,13.1k,12.7k,11.3k,12.4k
Armenia,,,,,,,,,,,,,,,,,,,,,,,,,,,,,,,1640,1430,840,792,855,928,990,1030,1120,1170,1250,1390,1580,1820,2020,2310,2640,3020,3250,2810,2890,3040,3280,3400,3540,3670,3690,3990,4220,4560,4260,4520
American Samoa,,,,,,,,,,,,,,,,,,,,,,,,,,,,,,,,,,,,,,,,,,,12.8k,13k,13.1k,13.1k,12.7k,13k,12.8k,12.4k,12.5k,12.7k,12.2k,12.1k,12.5k,13.1k,13.1k,12.4k,13k,13.3k,14.3k,14.4k
Antigua and Barbuda,,,,,,,,,,,,,,,,,,5400,5620,6050,6510,6740,6720,7060,7780,8420,9440,10.1k,10.7k,11.3k,11.7k,11.9k,11.9k,12.3k,12.9k,12.1k,12.6k,13k,13.4k,13.6k,14.2k,13.4k,13.4k,14k,14.7k,15.4k,17.2k,18.5k,18.2k,15.8k,14.4k,13.9k,14.2k,14k,14.4k,14.9k,15.6k,16k,17k,17.7k,14k,14.7k
Australia,19.9k,20k,19.8k,20.6k,21.7k,22.5k,22.5k,23.6k,24.4k,25.6k,26.9k,27k,27.6k,27.9k,28.3k,28.3k,28.8k,29.5k,29.4k,30.2k,30.8k,31.3k,31.8k,30.7k,31.7k,32.9k,33.7k,34.1k,35.5k,36.2k,37k,36.4k,36.1k,37.2k,38.3k,39.4k,40.4k,41.6k,43k,44.7k,45.9k,46.2k,47.5k,48.5k,50k,50.9k,51.6k,52.6k,53.4k,53.3k,53.6k,54.1k,55.3k,55.7k,56.3k,56.7k,57.4k,57.7k,58.5k,58.9k,58.1k,59.3k
Austria,12.1k,12.6k,12.9k,13.4k,14.1k,14.5k,15.2k,15.5k,16.1k,17.1k,18.1k,18.9k,20k,20.9k,21.7k,21.6k,22.7k,23.8k,23.8k,25.1k,25.5k,25.4k,25.9k,26.7k,26.7k,27.4k,28k,28.4k,29.3k,30.3k,31.3k,32.1k,32.4k,32.3k,33k,33.8k,34.5k,35.2k,36.4k,37.7k,38.8k,39.2k,39.6k,39.8k,40.7k,41.3k,42.5k,43.9k,44.4k,42.7k,43.3k,44.5k,44.5k,44.3k,44.2k,44.2k,44.6k,45.3k,46.2k,46.6k,43.5k,45.2k
Azerbaijan,,,,,,,,,,,,,,,,,,,,,,,,,,,,,,,2820,2760,2110,1600,1260,1100,1110,1160,1260,1340,1480,1610,1750,1920,2080,2630,3500,4330,4690,5020,5220,5150,5190,5430,5510,5500,5270,5230,5260,5350,5080,5340
Burundi,291,245,260,265,274,277,283,314,306,295,351,352,330,353,342,336,355,386,372,369,358,385,372,376,367,402,407,420,431,429,435,448,441,427,408,354,326,321,330,319,310,309,313,300,303,295,300,299,301,297,298,299,301,305,308,289,283,278,274,270,263,261
Belgium,11.7k,12.3k,12.9k,13.3k,14.1k,14.5k,14.8k,15.3k,15.9k,16.9k,17.8k,18.5k,19.4k,20.6k,21.5k,21k,22.1k,22.3k,22.9k,23.4k,24.4k,24.3k,24.5k,24.6k,25.2k,25.6k,26k,26.6k,27.8k,28.6k,29.4k,29.9k,30.2k,29.8k,30.7k,31.3k,31.7k,32.8k,33.4k,34.5k,35.7k,35.9k,36.4k,36.6k,37.8k,38.4k,39.1k,40.3k,40.2k,39k,39.8k,39.9k,40k,40k,40.4k,41k,41.3k,41.8k,42.4k,43.1k,40.6k,42.9k
Benin,657,668,634,653,684,707,718,712,725,731,731,704,734,744,752,698,688,705,696,722,751,803,798,742,778,813,807,771,774,729,771,779,778,788,774,804,818,840,847,865,889,908,922,926,938,924,932,960,977,971,963,963,980,1020,1050,1040,1050,1070,1110,1150,1160,1210
Burkina Faso,244,250,262,254,256,262,259,277,281,282,277,276,278,274,292,294,313,307,313,316,310,315,336,328,313,330,346,336,346,344,333,354,347,350,345,356,385,399,417,435,430,445,450,470,476,501,516,521,536,536,564,584,603,619,627,632,650,671,696,716,710,740
Bangladesh,441,455,465,450,484,477,475,452,481,473,487,455,386,388,415,389,402,403,422,432,425,444,441,446,455,458,466,473,474,477,493,500,518,532,542,560,575,590,609,625,646,666,679,699,723,759,800,847,890,927,968,1020,1070,1120,1170,1240,1310,1380,1460,1560,1590,1680
Bulgaria,,,,,,,,,,,,,,,,,,,,,3430,3580,3660,3770,3890,4000,4170,4410,4890,4780,4430,4090,3840,3810,3890,4020,4250,3680,3840,3540,3720,3940,4260,4520,4850,5230,5630,6050,6460,6290,6430,6610,6690,6690,6800,7070,7340,7600,7860,8230,7960,8630
Bahrain,,,,,,,,,,,,,,,,,,,,,21.3k,19.4k,17.3k,17.8k,18k,16.5k,16.2k,17.2k,17.8k,17.2k,17.4k,18.7k,19.3k,21k,20.3k,20.4k,20.6k,20.6k,20.9k,21.2k,21.7k,21.7k,21.9k,22.3k,22.3k,22k,21.8k,22k,21.9k,21.2k,21.5k,21.9k,22.5k,23k,23.1k,22.8k,22.8k,23k,23k,23.4k,22.5k,23.2k
Bahamas,19.2k,20.3k,21.3k,22.4k,23.7k,25.1k,26.2k,27.4k,28.4k,29.7k,27k,26.7k,25.1k,26.4k,21.5k,17.9k,18.5k,19.7k,22.1k,27.3k,28.5k,25.4k,26.6k,27k,30.3k,31.1k,31.1k,31.4k,31.5k,33k,31.9k,29.9k,28.2k,27.7k,28k,28.7k,29.3k,30.8k,28.9k,32k,32.8k,33.2k,33.7k,32.8k,32.6k,33.3k,33.7k,33.7k,32.4k,30.6k,30.7k,30.5k,31.1k,29.9k,30.2k,30.2k,29.7k,30.4k,30.7k,31.1k,23.6k,26.7k
Bosnia and Herzegovina,,,,,,,,,,,,,,,,,,,,,,,,,,,,,,,,,,,647,785,1420,1850,2100,2280,2550,2610,2740,2850,3060,3220,3420,3670,3930,3880,3980,4090,4130,4300,4400,4600,4800,5020,5260,5480,5370,5860
Belarus,,,,,,,,,,,,,,,,,,,,,,,,,,,,,,,2890,2850,2570,2370,2100,1890,1950,2180,2370,2460,2620,2750,2910,3140,3520,3880,4290,4680,5180,5200,5620,5940,6050,6110,6210,5970,5810,5960,6170,6260,6250,6420
Belize,1560,1590,1630,1660,1700,1730,1760,1790,1860,1900,1950,1990,2160,2240,2510,2560,2510,2620,2770,2910,3230,3190,3110,2970,2960,2920,2990,3230,3470,3840,4190,4570,5010,5220,5120,5020,4920,4930,4940,5200,5690,5800,5900,6260,6350,6300,6400,6420,6150,5960,5880,5740,5830,5960,6070,6140,6020,5810,5760,5910,5040,5730
Bermuda,37.9k,38.8k,39.5k,39k,42.3k,43.3k,48.6k,54k,54.1k,54.9k,57.3k,59.7k,61.2k,62.6k,63.6k,66.5k,72.2k,76.2k,77k,78.4k,83.2k,84.6k,79.6k,80.5k,80.2k,77.9k,82.4k,84.8k,87.5k,87.1k,86.4k,83.8k,84.4k,86.4k,86.4k,89.5k,91.3k,94.9k,97.9k,101k,109k,116k,113k,116k,118k,119k,125k,129k,126k,118k,116k,112k,106k,105k,101k,102k,102k,107k,107k,107k,99.7k,105k
Bolivia,1280,1280,1320,1380,1400,1440,1510,1570,1670,1710,1760,1810,1910,1970,1990,2090,2130,2190,2180,2140,2060,2020,1900,1790,1750,1680,1600,1610,1620,1650,1690,1740,1730,1770,1820,1870,1910,1970,2030,2000,2020,2020,2030,2050,2100,2150,2220,2280,2380,2410,2470,2560,2640,2780,2880,2980,3050,3140,3220,3240,2920,3060
Brazil,2580,2720,2810,2750,2760,2750,2850,2890,3100,3300,3560,3870,4220,4700,4960,5100,5490,5630,5770,6010,6420,6000,5910,5610,5790,6110,6430,6530,6400,6480,6090,6040,5910,6100,6360,6520,6570,6690,6610,6550,6750,6750,6870,6870,7180,7330,7530,7910,8230,8140,8670,8940,9030,9220,9180,8780,8430,8470,8550,8590,8200,8540
Barbados,,,,,,,,,,,,,,,11.6k,11.3k,11.8k,12.1k,12.7k,13.6k,14.1k,13.8k,13.1k,13.1k,13.5k,13.6k,14.3k,14.6k,15.1k,15.7k,15.2k,14.5k,13.7k,13.7k,14k,14.2k,14.8k,15.4k,16k,16k,16.7k,16.3k,16.3k,16.6k,16.8k,17.4k,18.4k,18.7k,18.7k,17.7k,17.2k,17.1k,17k,16.7k,16.6k,17k,17.4k,17.4k,17.2k,17.2k,14.9k,14.8k
Brunei,,,,,,,,,,,,,,,43.5k,42.2k,49k,52.6k,54.4k,64.5k,58.1k,45.1k,45.4k,44.1k,42.9k,40.8k,38.4k,37.8k,37k,35.4k,34.7k,34.8k,35.4k,34.6k,34.8k,35.5k,35.7k,34.4k,33.4k,33.7k,34k,34.2k,34.9k,35.2k,34.8k,34.3k,35.2k,34.7k,33.5k,32.5k,32.8k,33.6k,33.5k,32.3k,31.2k,30.7k,29.6k,29.7k,29.4k,30.3k,30.4k,29.7k
Bhutan,,,,,,,,,,,,,,,,,,,,,394,439,440,471,478,483,522,654,666,695,747,732,796,851,893,944,978,1010,1050,1110,1120,1180,1270,1340,1390,1460,1540,1800,1860,1960,2170,2320,2410,2440,2550,2700,2890,3000,3070,3220,2880,2980
Botswana,396,412,430,445,464,484,511,537,590,675,783,966,1180,1360,1410,1450,1520,1620,1760,1880,2000,2080,2250,2450,2570,2650,2770,3000,3460,3790,3930,4110,4110,4070,4100,4270,4410,4670,4590,4920,4920,4830,5030,5170,5220,5360,5700,5910,5980,5030,5430,5680,5570,6070,6290,5870,6170,6290,6420,6490,5810,6370
Central African Republic,584,602,569,554,554,548,540,553,548,574,574,568,557,557,581,572,594,610,611,590,558,543,579,526,570,585,599,562,563,560,531,512,464,451,459,478,447,458,467,470,446,455,461,426,442,436,448,460,460,488,501,514,535,338,339,352,362,372,378,381,375,371
Canada,,,,,,,,,,,,,,,,,,,,,,,,,,,,,,,,,,,,,,33.9k,34.9k,36.4k,37.9k,38.2k,38.9k,39.3k,40.1k,41k,41.6k,42.1k,42.1k,40.4k,41.2k,42k,42.3k,42.8k,43.6k,43.6k,43.5k,44.3k,44.9k,45.1k,42.3k,43.9k
Switzerland,,,,,,,,,,,,,,,,,,,,,59.9k,60.5k,59.4k,59.5k,61.1k,63k,63.9k,64.5k,66.1k,68.4k,70.1k,68.6k,67.8k,67.1k,67.4k,67.3k,67.3k,68.6k,70.5k,71.3k,73.7k,74.4k,73.8k,73.3k,74.7k,76.3k,78.9k,81.3k,82.5k,79.6k,81.3k,81.9k,82k,82.5k,83.4k,83.8k,84.6k,85k,86.8k,87.1k,84.4k,87.3k
Chile,3290,3390,3460,3590,3610,3570,3900,3970,4040,4130,4130,4450,4330,4050,4080,3500,3580,3890,4130,4410,4690,4930,4320,4050,4150,4260,4420,4630,4890,5290,5380,5710,6240,6550,6780,7280,7670,8130,8360,8240,8550,8720,8900,9230,9750,10.2k,10.7k,11.2k,11.5k,11.2k,11.8k,12.4k,13k,13.3k,13.4k,13.6k,13.6k,13.6k,13.9k,13.8k,12.8k,14.1k
China,238,175,164,176,204,233,250,230,215,244,284,295,299,315,316,337,327,347,381,405,431,447,480,524,596,667,716,787,861,884,905,975,1100,1240,1380,1520,1650,1790,1910,2040,2190,2360,2560,2800,3060,3390,3800,4320,4710,5130,5650,6150,6590,7060,7530,8020,8520,9050,9620,10.2k,10.4k,11.2k
Cote d'Ivoire,1480,1570,1530,1680,1900,1770,1900,1920,2070,2180,2310,2420,2420,2450,2440,2520,2730,2820,3020,2980,2550,2540,2460,2270,2140,2150,2150,2070,2020,2010,1910,1840,1770,1700,1650,1710,1780,1880,1900,1870,1810,1730,1640,1520,1530,1510,1520,1510,1550,1570,1640,1520,1600,1740,1860,1940,2030,2120,2210,2290,2280,2380
Cameroon,943,939,949,962,973,969,990,860,892,912,916,923,923,946,1020,1100,1010,1120,1330,1380,1300,1470,1550,1620,1690,1770,1830,1740,1550,1480,1350,1260,1180,1060,1050,1050,1060,1080,1110,1120,1140,1160,1180,1210,1260,1250,1260,1280,1280,1280,1280,1280,1310,1330,1370,1400,1420,1430,1450,1450,1420,1430
"Congo, Dem. Rep.",1250,1090,1290,1320,1250,1230,1280,1230,1240,1320,1280,1320,1290,1360,1360,1260,1160,1140,1050,1020,1010,1000,972,959,983,958,974,970,944,904,817,724,629,527,483,466,453,421,404,376,340,323,322,331,342,352,359,370,380,379,393,406,421,441,466,482,477,478,489,495,487,501
"Congo, Rep.",1190,1250,1290,1200,1210,1220,1200,1200,1250,1300,1350,1410,1480,1560,1630,1700,1680,1490,1550,1660,1910,2200,2660,2760,2880,2760,2490,2430,2400,2390,2350,2340,2330,2250,2060,2090,2120,2060,2100,1990,2060,2060,2100,2060,2060,2140,2230,2010,2060,2210,2330,2310,2470,2390,2490,2350,2050,1910,1770,1730,1590,1520
Colombia,1950,1990,2030,2030,2100,2110,2150,2180,2250,2330,2410,2490,2630,2740,2830,2840,2910,2960,3140,3240,3290,3290,3250,3220,3250,3280,3400,3510,3570,3620,3700,3690,3770,3890,4040,4170,4180,4250,4200,3950,4000,4010,4050,4140,4300,4450,4680,4940,5040,5040,5210,5510,5670,5900,6110,6230,6290,6280,6320,6400,5870,6420
Comoros,,,,,,,,,,,,,,,,,,,,,1210,1220,1260,1290,1310,1300,1290,1280,1270,1200,1230,1130,1200,1210,1120,1140,1100,1120,1110,1110,1200,1210,1210,1210,1210,1220,1230,1210,1240,1250,1270,1300,1310,1340,1340,1320,1340,1360,1380,1380,1350,1360
Cape Verde,,,,,,,,,,,,,,,,,,,,,543,580,588,635,650,697,708,729,763,796,787,781,845,896,1040,1160,1260,1370,1510,1640,1840,1850,1920,1970,2150,2270,2420,2750,2900,2830,2850,2920,2920,2910,2890,2890,2990,3070,3170,3320,2800,2970
Costa Rica,3560,3500,3560,3670,3680,3850,3990,4090,4310,4420,4620,4810,5070,5320,5470,5450,5600,5940,6140,6270,6150,5850,5280,5280,5550,5430,5580,5690,5740,5910,5970,5950,6340,6620,6750,6870,6800,7010,7360,7510,7650,7770,7900,8110,8340,8550,9040,9650,9970,9750,10.1k,10.5k,10.8k,11k,11.2k,11.5k,11.9k,12.3k,12.5k,12.7k,12.1k,12.9k
Cuba,,,,,,,,,,,2610,2780,2870,2930,2920,3160,3300,3570,3780,3800,3610,4300,4650,4870,5210,5250,5210,5040,5180,5160,4960,4400,3860,3270,3280,3350,3600,3690,3680,3900,4110,4230,4280,4430,4680,5190,5810,6230,6480,6570,6720,6900,7110,7290,7360,7680,7720,7870,8050,8040,7170,7290
Cayman Islands,,,,,,,,,,,,,,,,,,,,,,,,,,,,,,,,,,,,,,,,,,,,,,,96.2k,96.3k,93.2k,84k,79.5k,78.4k,77.5k,76.6k,76.9k,77.3k,78.1k,78.9k,80.6k,82.1k,76.1k,76.6k
Cyprus,,,,,,,,,,,,,,,,6170,7480,8710,9350,10.2k,10.7k,10.8k,11.3k,11.8k,12.7k,13.1k,13.5k,14.3k,15.3k,16.3k,17.1k,16.8k,17.9k,17.6k,18.3k,19.5k,19.4k,19.6k,20.6k,21.3k,22.4k,23k,23.6k,23.9k,24.8k,25.6k,26.4k,27.2k,27.4k,26.2k,26.1k,25.5k,24.3k,22.7k,22.6k,23.5k,24.9k,26.1k,27.2k,28.4k,26.8k,28.3k
Czech Republic,,,,,,,,,,,,,,,,,,,,,,,,,,,,,,,11.6k,10.3k,10.2k,10.2k,10.5k,11.2k,11.7k,11.7k,11.6k,11.8k,12.3k,12.7k,13k,13.4k,14.1k,15k,15.9k,16.7k,17k,16.2k,16.5k,16.8k,16.6k,16.6k,17k,17.8k,18.2k,19.1k,19.7k,20.2k,19k,20.1k
Germany,,,,,,,,,,,17.9k,18.4k,19.1k,20k,20.1k,20k,21.1k,21.9k,22.6k,23.5k,23.8k,23.9k,23.8k,24.2k,25k,25.6k,26.2k,26.5k,27.4k,28.3k,29.5k,30.8k,31.1k,30.6k,31.2k,31.6k,31.8k,32.3k,33k,33.6k,34.5k,35k,34.9k,34.6k,35k,35.3k,36.7k,37.8k,38.3k,36.2k,37.8k,40k,40.1k,40.1k,40.9k,41.1k,41.7k,42.6k,42.9k,43.3k,41.7k,42.7k
Djibouti,,,,,,,,,,,,,,,,,,,,,,,,,,,,,,,,,,,,,,,,,,,,,,,,,,,,,,2170,2280,2410,2540,2630,2710,2820,2810,2910
Dominica,,,,,,,,,,,,,,,,,,2930,3230,2620,2970,3290,3440,3540,3710,3780,4070,4350,4720,4740,5030,5120,5230,5340,5340,5500,5670,5800,6030,6080,6250,6270,6080,6450,6630,6670,6970,7410,7930,7840,7900,7880,7780,7710,8010,7720,7930,7370,7590,7940,6570,6960
Denmark,18.1k,19.1k,20.1k,20k,21.7k,22.5k,23k,24k,25.2k,26.7k,26.9k,27.5k,28.5k,29.5k,29k,28.5k,30.1k,30.6k,31.1k,32.3k,32.1k,31.9k,33.1k,33.9k,35.4k,36.8k,38.5k,38.6k,38.6k,38.8k,39.3k,39.7k,40.4k,40.3k,42.3k,43.3k,44.3k,45.6k,46.4k,47.6k,49.2k,49.5k,49.5k,49.6k,50.8k,51.8k,53.7k,53.9k,53.3k,50.5k,51.2k,51.6k,51.6k,51.8k,52.4k,53.3k,54.6k,55.7k,56.6k,57.2k,55.9k,58.4k
Dominican Republic,1370,1300,1470,1520,1570,1330,1470,1470,1430,1540,1770,1910,2060,2260,2340,2400,2500,2560,2550,2600,2750,2800,2790,2850,2830,2710,2750,2960,2960,3030,2800,2770,3020,3180,3200,3320,3450,3700,3880,4050,4180,4210,4340,4220,4270,4610,4970,5270,5370,5350,5720,5830,5910,6120,6470,6840,7210,7460,7890,8210,7570,8410
Algeria,2110,1790,1410,1870,1940,2030,1900,2030,2200,2330,2480,2150,2680,2720,2850,2890,2980,3020,3210,3340,3270,3260,3360,3420,3490,3500,3400,3270,3150,3210,3150,3040,3030,2900,2810,2860,2930,2910,3010,3070,3140,3190,3320,3510,3610,3770,3780,3850,3870,3870,3930,3970,4030,4060,4130,4200,4250,4220,4190,4150,3870,3940
Ecuador,2530,2580,2630,2610,2730,2730,2650,2690,2660,2710,2810,2900,2960,3280,3550,3830,4000,3960,4070,4110,4150,4270,4190,4070,4070,4120,4160,4050,4180,4130,4180,4260,4260,4260,4360,4370,4370,4480,4540,4250,4230,4320,4420,4460,4750,4910,5040,5060,5290,5240,5330,5660,5880,6080,6220,6130,5970,6010,5980,5860,5330,5490
Egypt,751,769,778,838,910,930,953,937,900,925,955,972,980,993,987,1050,1170,1240,1320,1340,1440,1500,1610,1650,1760,1810,1840,1860,1910,1950,2010,1990,2030,2040,2070,2120,2180,2250,2330,2420,2520,2550,2560,2590,2640,2700,2830,2970,3130,3210,3310,3290,3290,3280,3300,3370,3440,3520,3630,3770,3840,3900
Eritrea,,,,,,,,,,,,,,,,,,,,,,,,,,,,,,,,,601,661,778,757,788,841,844,832,794,839,835,780,760,761,741,740,650,658,659,702,,,,,,,,,,
Spain,6220,6890,7500,8150,8500,8930,9480,9770,10.3k,11.1k,11.4k,11.8k,12.6k,13.5k,14.1k,14k,14.3k,14.6k,14.6k,14.5k,14.7k,14.6k,14.7k,14.9k,15.1k,15.4k,15.8k,16.7k,17.5k,18.3k,19k,19.4k,19.5k,19.2k,19.6k,20k,20.4k,21.1k,22k,22.8k,23.9k,24.7k,25k,25.3k,25.7k,26.1k,26.8k,27.2k,27k,25.8k,25.7k,25.4k,24.6k,24.4k,24.8k,25.8k,26.5k,27.2k,27.7k,28.1k,24.8k,26.1k
Estonia,,,,,,,,,,,,,,,,,,,,,,,,,,,,,,,,,,,,7140,7600,8690,9160,9090,9960,10.6k,11.4k,12.4k,13.3k,14.6k,16.2k,17.5k,16.6k,14.2k,14.6k,15.7k,16.3k,16.6k,17.1k,17.4k,17.9k,19k,19.6k,20.3k,20.1k,21.7k
Ethiopia,,,,,,,,,,,,,,,,,,,,,,305,296,312,296,256,272,300,290,279,276,246,216,236,235,242,263,263,246,251,259,272,268,255,282,306,330,357,385,407,445,481,508,547,587,630,671,716,744,785,811,835
Finland,11.4k,12.2k,12.5k,12.8k,13.4k,14.1k,14.3k,14.6k,14.8k,16.3k,17.1k,17.5k,18.8k,19.9k,20.5k,20.8k,20.8k,20.8k,21.3k,22.8k,23.9k,24.1k,24.7k,25.4k,26k,26.9k,27.5k,28.4k,29.8k,31.2k,31.3k,29.3k,28.2k,27.8k,28.8k,29.9k,30.9k,32.8k,34.5k,35.9k,37.9k,38.8k,39.4k,40k,41.5k,42.5k,44.1k,46.2k,46.4k,42.4k,43.6k,44.5k,43.6k,43k,42.7k,42.8k,43.9k,45.2k,45.6k,46.1k,45.1k,46.3k
Fiji,2150,2160,2170,2230,2270,2150,2090,2310,2430,2440,2700,2830,2980,3280,3310,3270,3300,3420,3400,3720,3570,3710,3400,3190,3370,3140,3320,3050,3040,3230,3380,3270,3460,3530,3700,3790,3950,3820,3830,4120,4000,4040,4130,4130,4300,4290,4330,4260,4270,4190,4300,4400,4450,4650,4890,5110,5220,5500,5710,5680,4700,4440
France,11.2k,11.6k,12.3k,12.9k,13.6k,14.1k,14.7k,15.2k,15.8k,16.7k,17.6k,18.4k,19k,20.1k,20.8k,20.5k,21.3k,21.9k,22.7k,23.4k,23.6k,23.7k,24.2k,24.4k,24.6k,24.9k,25.3k,25.8k,26.9k,27.9k,28.6k,28.7k,29k,28.7k,29.2k,29.7k,30.1k,30.7k,31.6k,32.5k,33.6k,34k,34.1k,34.2k,34.9k,35.2k,35.8k,36.5k,36.4k,35.1k,35.6k,36.2k,36.2k,36.2k,36.4k,36.7k,37k,37.7k,38.3k,38.8k,35.7k,38k
Faeroe Islands,,,,,,,,,,,,,,,,,,,,,,,,,,,,,,,,,,,,,,,,,,,,,,,,,,,,,,,,52.7k,,,,,,
"Micronesia, Fed. Sts.",,,,,,,,,,,,,,,,,,,,,,,,,,,2410,2380,2380,2420,2470,2600,2640,2770,2680,2830,2730,2560,2630,2660,2780,2840,2850,2900,2820,2890,2910,2870,2830,2880,2950,3040,2970,2850,2770,2890,2910,2970,2960,2980,2910,2790
Gabon,3300,3750,3980,4170,4300,4590,4730,4850,4890,5180,5520,5960,6500,7010,9580,11.2k,14.8k,12.6k,9370,9180,9170,9390,8860,9110,9530,9060,8740,7050,7740,8170,8360,8630,8150,8250,8330,8520,8610,8880,8960,7960,7610,7570,7360,7320,7170,7160,6750,6940,6500,6300,6510,6740,6840,6980,7040,7090,7040,6890,6790,6890,6620,6580
Isle of Man,,,,,,,,,,,,,,,,,,,,,,,,,18.3k,18.4k,21.8k,23.7k,26.1k,27.4k,28.1k,28.1k,28.2k,28.7k,29.7k,30.8k,33k,35.4k,39.7k,44.5k,46.3k,48.3k,50.8k,53.3k,55.5k,58.3k,62.1k,66.1k,68.6k,69.2k,70.8k,71.8k,77k,80.4k,84.8k,84.8k,90.8k,94.9k,96.8k,96.9k,,
UK,14.9k,15.2k,15.2k,15.9k,16.6k,16.9k,17k,17.4k,18.3k,18.6k,19.8k,20.4k,21.2k,22.5k,21.9k,21.6k,22.2k,22.8k,23.8k,24.6k,24.1k,23.9k,24.4k,25.4k,25.9k,27k,27.7k,29.2k,30.8k,31.5k,31.6k,31.2k,31.2k,31.9k,33.1k,33.8k,34.4k,35.8k,36.8k,37.8k,39.2k,39.9k,40.4k,41.5k,42.2k,43k,43.7k,44.4k,44k,41.7k,42.4k,42.5k,42.8k,43.3k,44.4k,45.1k,45.7k,46.5k,47k,47.5k,42.1k,45.1k
Georgia,,,,,,1800,1910,2010,2080,2160,2400,2430,2470,2610,2820,3000,3160,3360,3590,3820,3960,4140,4180,4330,4520,4700,4280,4300,4490,4160,3550,2780,1520,1070,970,1030,1190,1360,1440,1510,1570,1670,1770,1980,2110,2330,2560,2900,2980,2900,3100,3360,3600,3740,3900,4010,4130,4330,4540,4770,4450,4930
Ghana,1110,1110,1130,1150,1150,1140,1060,1070,1050,1090,1160,1190,1130,1130,1170,994,932,925,973,920,897,841,759,702,743,763,784,802,827,847,852,875,887,907,915,931,952,969,990,1010,1020,1030,1050,1080,1110,1140,1180,1200,1280,1310,1380,1530,1630,1710,1720,1710,1730,1830,1900,1980,1950,2010
Guinea,,,,,,,,,,,,,,,,,,,,,,,,,,,522,526,544,551,555,547,547,557,562,572,581,598,609,618,621,635,658,651,653,659,653,682,693,669,684,705,728,739,747,756,817,878,911,938,959,973
Gambia,,,,,,,537,523,557,554,571,555,540,572,588,642,668,670,690,659,678,677,650,696,695,664,666,656,659,671,668,661,657,653,634,620,616,628,631,652,668,687,646,671,697,661,638,638,657,679,697,621,634,632,605,612,606,618,646,669,656,666
Guinea-Bissau,,,,,,,,,,,616,589,625,624,632,644,636,554,589,581,483,561,575,547,588,603,589,596,614,641,670,690,677,669,670,682,746,779,550,545,564,564,546,537,539,548,547,551,554,558,569,599,573,576,567,586,607,628,621,634,605,614
Equatorial Guinea,,,,,,,,,,,,,,,,,,,,,468,470,452,445,423,452,420,421,415,394,373,356,462,495,556,629,1010,2420,2890,3490,3940,6130,6990,7600,10k,11.2k,11.5k,12.7k,14.2k,13.7k,11.9k,12.2k,12.6k,11.6k,11.2k,9790,8590,7820,7080,6470,6030,5830
Greece,5030,5650,5640,6280,6850,7550,7980,8360,8910,9900,10.7k,11.5k,12.6k,13.6k,12.6k,13.3k,14k,14.2k,15.1k,15.4k,15.3k,15k,14.7k,14.5k,14.7k,15k,15k,14.6k,15.2k,15.7k,15.5k,15.8k,15.8k,15.5k,15.7k,15.9k,16.3k,17k,17.5k,18k,18.6k,19.3k,20k,21.1k,22.1k,22.2k,23.4k,24.1k,23.9k,22.8k,21.6k,19.4k,18.1k,17.8k,18k,18.1k,18.1k,18.3k,18.6k,19k,17.3k,18.9k
Grenada,,,,,,,,,,,,,,,,,,3060,3240,3440,3440,3480,3570,3640,3720,3900,4170,4560,4730,4940,5150,5180,5070,4920,4950,5020,5200,5420,6030,6400,6680,6510,6720,7320,7220,8120,7750,8170,8190,7600,7510,7510,7360,7460,7940,8380,8620,8930,9250,9250,7920,8220
Greenland,,,,,,,,,,,15.4k,17.1k,17.7k,18.7k,19.5k,19.6k,20.7k,22.7k,24.2k,25.2k,27k,26.8k,25.3k,25.9k,24.3k,24.9k,26.6k,27.7k,28.9k,30.5k,26.8k,26.8k,25.5k,24.3k,25.6k,26.4k,26.8k,27.1k,29.2k,29.6k,31.6k,31.9k,31.5k,32.8k,35k,36.7k,38.8k,39.9k,42.5k,42.9k,43.2k,43k,43.7k,43.3k,45.5k,44.5k,46.6k,46.6k,47k,47.9k,48k,
Guatemala,1850,1880,1890,2010,2040,2070,2130,2150,2280,2330,2400,2470,2590,2700,2810,2800,2940,3100,3180,3250,3290,3230,3030,2880,2810,2720,2650,2670,2700,2730,2730,2760,2820,2850,2900,2970,2980,3040,3120,3160,3200,3190,3240,3250,3280,3320,3430,3570,3620,3570,3610,3690,3730,3800,3900,3990,4030,4090,4160,4260,4120,4390
Guam,,,,,,,,,,,,,,,,,,,,,,,,,,,,,,,,,,,,,,,,,,,29.5k,29.6k,31.4k,32.5k,31.3k,31.5k,32.1k,32.3k,33k,32.8k,33.4k,33.8k,34.3k,34.5k,34.5k,34.8k,34.5k,35.4k,31.2k,31.3k
Guyana,2720,2770,2720,2330,2530,2730,2820,2890,2880,3030,3120,3180,3040,3040,3240,3480,3500,3370,3280,3190,3230,3270,2840,2650,2530,2600,2590,2630,2550,2440,2390,2540,2730,2950,3190,3340,3600,3810,3740,3850,3790,3870,3910,3890,3950,3870,4080,4380,4480,4650,4870,5150,5420,5590,5660,5670,5850,6040,6130,6350,9130,10.9k
"Hong Kong, China",,3960,4330,4850,5140,5740,5790,5740,5810,6360,6780,7120,7730,8440,8370,8250,9470,10.4k,11.1k,11.7k,12.6k,13.4k,13.6k,14.2k,15.4k,15.4k,16.9k,18.9k,20.4k,20.6k,21.4k,22.4k,23.6k,24.6k,25.5k,25.6k,25.6k,26.6k,24.9k,25.2k,26.9k,26.9k,27.2k,28.1k,30.3k,32.4k,34.5k,36.4k,36.9k,35.9k,38.1k,39.7k,39.9k,41k,41.8k,42.4k,43.1k,44.4k,45.3k,44.2k,41.4k,44.5k
Honduras,1200,1180,1220,1220,1250,1330,1360,1400,1450,1420,1420,1440,1470,1540,1480,1470,1570,1680,1730,1770,1720,1650,1570,1540,1590,1630,1670,1730,1710,1710,1700,1600,1650,1710,1670,1720,1710,1740,1750,1690,1770,1770,1790,1820,1890,1950,2030,2110,2150,2050,2090,2120,2170,2190,2210,2260,2300,2370,2420,2450,2190,2430
Croatia,,,,,,,,,,,,,,,,,,,,,,,,,,,,,,,,,,,,7230,7780,8310,8500,8480,8810,9430,9970,10.5k,11k,11.4k,12k,12.6k,12.8k,11.9k,11.8k,11.8k,11.6k,11.6k,11.6k,12k,12.5k,13k,13.5k,14.1k,12.9k,15.2k
Haiti,1710,1630,1730,1670,1610,1620,1580,1520,1540,1570,1550,1620,1600,1650,1720,1700,1810,1840,1920,2030,2130,2030,1920,1900,1870,1840,1790,1740,1710,1630,1610,1610,1490,1380,1200,1290,1320,1330,1330,1350,1330,1300,1290,1320,1280,1300,1300,1340,1350,1410,1310,1360,1350,1390,1390,1400,1410,1430,1430,1390,1320,1280
Hungary,,,,,,,,,,,,,,,,,,,,,,,,,,,,,,,,7590,7360,7330,7550,7680,7700,7950,8280,8560,8970,9350,9830,10.3k,10.8k,11.3k,11.7k,11.8k,11.9k,11.2k,11.3k,11.6k,11.5k,11.7k,12.2k,12.7k,13k,13.6k,14.4k,15.1k,14.4k,15.5k
Indonesia,597,615,609,579,583,575,577,570,616,640,670,698,728,767,801,825,862,911,950,994,1070,1120,1120,1150,1200,1200,1250,1280,1330,1410,1480,1560,1630,1710,1810,1920,2040,2100,1800,1780,1850,1890,1940,2010,2080,2170,2260,2380,2490,2570,2700,2830,2960,3090,3200,3320,3450,3590,3740,3890,3780,3890
India,306,310,312,323,339,323,316,333,337,351,361,359,350,353,349,373,371,389,402,373,389,403,408,428,434,447,458,465,499,517,534,529,546,561,586,618,652,665,693,741,755,778,793,841,892,948,1010,1070,1090,1160,1240,1290,1340,1400,1490,1590,1700,1800,1890,1940,1800,1940
Ireland,,,,,,,,,,,12.2k,12.4k,13k,13.4k,13.8k,14.3k,14.3k,15.3k,16.1k,16.4k,16.7k,17.1k,17.3k,17.1k,17.8k,18.3k,18.2k,19.1k,20.1k,21.4k,23.2k,23.5k,24.1k,24.6k,26k,28.3k,30.2k,33.1k,35.7k,39k,42.1k,43.6k,45.4k,46k,48.3k,50k,51k,52.2k,48.9k,45.9k,46.4k,46.6k,46.4k,46.7k,50.4k,62.1k,62.6k,67.5k,72.3k,75.2k,79.1k,89k
Iran,2350,2520,2650,2750,2900,3300,3570,3860,4290,4820,5200,5740,6390,6680,6860,6640,7620,7190,6070,5170,3910,3510,4120,4420,3960,3890,3390,3280,2990,3080,3360,3650,3680,3600,3530,3560,3740,3740,3760,3770,3930,3950,4230,4550,4680,4750,4910,5230,5170,5160,5380,5450,5180,5030,5180,4990,5330,5400,5210,5020,5140,5340
Iraq,,,,,,,,,1280,1280,1290,1310,1320,1330,1490,1620,1840,1820,2060,2410,2910,2800,2820,2380,2270,2250,2300,2440,2390,2250,3510,1250,1610,2000,1980,1950,2100,2460,3220,3660,4140,4080,3630,2230,3320,3280,3440,3530,3750,3740,3850,4000,4360,4480,4330,4420,4900,4700,4710,4850,4200,4220
Iceland,,,,,,,,,,,,,,,,,,,,,,,,,,,,,,,,,,,,34.2k,35.6k,37.3k,39.6k,40.7k,42.2k,43.3k,43.1k,43.8k,46.8k,48.9k,50.7k,53.6k,53.8k,49.5k,48.2k,48.9k,49.2k,50.9k,51.2k,53k,55.5k,56.5k,57.7k,57.8k,53k,54.4k
Israel,,,,,,,,,,,,,,,,,,,,,,,,,,,,,,,,,,,,25.9k,26.7k,27k,27.5k,27.7k,29.3k,28.7k,28.1k,28k,28.8k,29.5k,30.6k,31.9k,32.3k,31.9k,33k,34.2k,34.5k,35.3k,36k,36.2k,37.1k,38k,38.7k,39.6k,38.2k,40.8k
Italy,9690,10.4k,11k,11.5k,11.7k,12k,12.6k,13.5k,14.2k,15k,15.7k,15.9k,16.4k,17.5k,18.3k,17.8k,19k,19.4k,20k,21.1k,21.8k,22k,22k,22.3k,23k,23.6k,24.3k,25.1k,26.1k,27k,27.5k,27.9k,28.1k,27.9k,28.4k,29.3k,29.6k,30.2k,30.7k,31.2k,32.4k,33k,33k,32.9k,33.2k,33.3k,33.8k,34.1k,33.5k,31.6k,32.1k,32.2k,31.2k,30.3k,30k,30.2k,30.7k,31.2k,31.6k,32.1k,29.4k,31.5k
Jamaica,,,,,,,3970,3990,4170,4350,4810,4860,5650,5260,4960,4880,4490,4320,4260,4170,3880,3920,3940,3960,3840,3680,3710,3970,4100,4360,4500,4680,4730,5120,5140,5210,5160,5050,4890,4910,4920,4960,5040,5200,5240,5260,5390,5440,5380,5120,5030,5090,5030,5040,5050,5080,5130,5170,5260,5310,4770,4970
Jordan,,,,,,,,,,,,,,,,,2950,3090,3440,4020,4310,4860,4980,4660,4650,4320,4360,4260,4130,3510,3330,3210,3490,3450,3450,3520,3480,3500,3520,3560,3640,3750,3880,3950,4180,4410,4450,4520,4730,4860,4870,4870,4920,4730,4350,4060,3950,3950,3930,3920,3770,3780
Japan,6260,6950,7500,8060,8900,9320,10.2k,11.2k,12.5k,13.9k,14.1k,14.5k,15.5k,16.5k,16k,16.3k,16.8k,17.4k,18.1k,19k,19.3k,20k,20.5k,21.1k,21.9k,22.9k,23.5k,24.5k,26k,27.2k,28.4k,29.3k,29.5k,29.2k,29.5k,30.2k,31k,31.3k,30.8k,30.6k,31.4k,31.5k,31.4k,31.8k,32.5k,33.1k,33.5k,34k,33.6k,31.7k,32.9k,33k,33.5k,34.2k,34.4k,35k,35.2k,35.9k,36.1k,36.1k,34.6k,35.3k
Kazakhstan,,,,,,,,,,,,,,,,,,,,,,,,,,,,,,,5830,5160,4890,4450,3950,3700,3780,3900,3890,4040,4450,5060,5550,6050,6580,7160,7840,8440,8550,8490,8980,9510,9820,10.3k,10.5k,10.5k,10.5k,10.8k,11.1k,11.4k,11k,11.3k
Kenya,787,699,737,770,777,762,840,834,866,898,824,971,1100,1120,1130,1100,1090,1150,1190,1240,1260,1260,1240,1210,1180,1190,1230,1260,1290,1300,1310,1290,1240,1210,1210,1230,1240,1210,1220,1220,1190,1200,1170,1170,1190,1220,1260,1310,1270,1280,1340,1370,1400,1420,1460,1500,1530,1550,1600,1650,1620,1700
Kyrgyz Republic,,,,,,,,,,,,,,,,,,,,,,,,,,,1020,1040,1150,1160,1200,1090,928,785,627,587,620,671,675,689,718,749,742,786,831,821,837,900,966,982,966,1010,994,1080,1100,1120,1150,1180,1200,1230,1100,1120
Cambodia,,,,,,,,,,,,,,,,,,,,,,,,,,,,,,,,,,564,354,379,392,399,409,452,488,518,543,578,627,698,760,823,863,851,889,938,992,1050,1110,1170,1240,1300,1380,1470,1400,1430
Kiribati,,,,,,,,,,,1780,1710,1880,2240,3230,3420,2520,2420,2460,2160,1780,1750,1730,1650,1650,1550,1530,1500,1600,1510,1460,1440,1420,1410,1420,1400,1400,1400,1460,1410,1480,1430,1450,1450,1400,1440,1410,1410,1360,1340,1300,1300,1350,1380,1350,1460,1430,1400,1460,1420,1390,1390
St. Kitts and Nevis,,,,,,,,,,,,,,,,,,4440,4630,5000,5440,5550,5600,5690,6230,6800,7580,8130,8940,9510,10.1k,9900,10.2k,10.8k,11.2k,11.7k,12.2k,12.8k,12.6k,12.8k,13.9k,14.5k,14.6k,14k,14.5k,15.9k,16.3k,16.4k,18.1k,17.5k,17.4k,17.7k,17.5k,18.5k,19.9k,20k,20.8k,20.8k,21.3k,22.1k,18.9k,18.8k
South Korea,1030,1070,1080,1140,1220,1270,1390,1480,1640,1840,1980,2140,2250,2550,2740,2910,3240,3580,3910,4190,4060,4280,4570,5100,5570,5950,6560,7320,8120,8610,9370,10.3k,10.8k,11.4k,12.4k,13.4k,14.3k,15.1k,14.2k,15.7k,17k,17.7k,18.9k,19.4k,20.4k,21.2k,22.2k,23.4k,23.9k,23.9k,25.5k,26.2k,26.7k,27.4k,28.1k,28.7k,29.5k,30.3k,31.1k,31.6k,31.4k,32.7k
Kosovo,,,,,,,,,,,,,,,,,,,,,,,,,,,,,,,,,,,,,,,,,,,,,,,,,2620,2730,2840,3000,3020,3160,3280,3520,3740,3890,4010,4220,3990,4430
Kuwait,,,,,,,,,,,,,,,,,,,,,,,,,,,,,,,,,22.6k,29.6k,32.4k,33.7k,32.9k,32.6k,32.7k,31.2k,31.7k,30.8k,30.9k,35.3k,38k,40.5k,41.2k,41.1k,39.9k,35.1k,32.6k,33.4k,33k,31.1k,30.3k,29.3k,29.1k,27.2k,26.7k,25.8k,23.9k,
Lao,,,,,,,,,,,,,,,,,,,,,,,,,580,592,604,579,551,611,634,643,660,681,718,750,783,819,836,882,917,954,995,1040,1090,1150,1230,1300,1380,1470,1570,1670,1780,1890,2010,2130,2240,2360,2470,2560,2540,2570
Lebanon,,,,,,,,,,,,,,,,,,,,,,,,,,,,,3930,2220,2750,4030,4600,5000,5300,5540,6060,6010,6120,5990,5970,6100,6230,6350,6670,6750,6740,7230,7760,8450,9040,9030,9020,8540,7920,7800,8100,8360,8440,8070,6470,6100
Liberia,,,,,,,,,,,,,,,,,,,,,,,,,,,,,,,,,,,,,,,,,763,763,771,534,542,545,557,580,597,609,628,653,681,724,714,700,675,679,673,644,612,630
Libya,,,,,,,,,,,,,,,,,,,,,,,,,,,,,,,,,,,,,,,,11k,11.2k,10.7k,10.4k,11.4k,11.6k,12.7k,13.2k,13.7k,13.4k,12.6k,12.9k,6730,13.3k,10.7k,8060,7870,7640,9970,10.6k,9280,6970,9040
St. Lucia,,,,,,,,,,,,,,,,,,4210,4560,4650,4470,4660,4670,4820,5080,5420,6100,6250,7020,7560,8190,8110,8630,8550,8580,8620,8780,8640,9100,9260,9190,8820,8790,9090,9680,9580,10.1k,10.2k,10.6k,10.3k,10.4k,10.9k,10.8k,10.4k,10.5k,10.3k,10.6k,10.9k,11.2k,11.1k,8360,9360
Liechtenstein,,,,,,,,,,,,,,,,,,,,,,,,,,,,,,,,,,,,,,,,,,,,,,,,,,,,,,,,168k,,,,,,
Sri Lanka,,646,655,656,666,666,683,710,734,772,785,779,760,799,814,848,860,887,921,963,1000,1040,1070,1110,1150,1190,1220,1220,1240,1250,1310,1360,1400,1480,1550,1620,1670,1770,1840,1910,2010,1970,2030,2130,2230,2350,2510,2660,2800,2880,3090,3330,3610,3730,3930,4060,4220,4440,4500,4460,4280,4380
Lesotho,262,259,290,311,326,323,312,334,321,315,310,315,304,371,398,332,357,422,486,486,460,450,457,454,466,465,474,467,497,516,537,565,595,607,635,648,676,695,701,702,727,753,759,795,812,844,879,913,958,939,982,1020,1080,1080,1090,1110,1140,1090,1080,1070,972,974
Lithuania,,,,,,,,,,,,,,,,,,,,,,,,,,,,,,,,,,,,4940,5230,5710,6180,6150,6420,6900,7420,8280,8920,9770,10.7k,12k,12.4k,10.7k,11.1k,12k,12.7k,13.3k,13.9k,14.3k,14.8k,15.7k,16.4k,17.2k,17.2k,18.2k
Luxembourg,25.5k,26.3k,26.3k,26.9k,28.7k,28.2k,28.3k,28.2k,29.4k,32.1k,35.5k,36.1k,38k,40.7k,41.9k,38.7k,39.5k,40.1k,41.6k,42.5k,42.7k,42.3k,42.8k,44.1k,46.7k,47.9k,52.5k,54.2k,58.4k,63.5k,66k,70.8k,71.1k,73.1k,74.9k,74.9k,74.9k,78k,82.2k,87.7k,92.5k,94.2k,96.3k,97.6k,100k,101k,106k,112k,110k,105k,107k,105k,104k,105k,106k,105k,108k,107k,106k,107k,104k,108k
Latvia,,,,,,,,,,,,,,,,,,,,,,,,,,,,,,,,,,,,4970,5160,5670,6080,6300,6730,7240,7850,8590,9410,10.5k,11.9k,13.2k,12.9k,11.2k,11k,11.5k,12.4k,12.8k,13.2k,13.8k,14.2k,14.8k,15.6k,16.1k,15.8k,16.6k
"Macao, China",,,,,,,,,,,,,,,,,,,,,,,22.8k,24.2k,25.3k,24.5k,25.1k,27.6k,28.6k,28.8k,30k,30.1k,33.1k,34.1k,34.8k,35.2k,34.4k,33.7k,31.6k,30.4k,31.7k,32k,34.1k,37k,45.6k,47.9k,52.9k,59k,59.4k,58.6k,71.5k,84.8k,90.8k,98.8k,95k,73.2k,71.4k,77.1k,80.5k,77k,34.6k,40.6k
Morocco,,,,,,,729,781,835,881,898,924,923,933,961,1010,1090,1130,1120,1150,1160,1110,1170,1160,1200,1250,1330,1300,1430,1440,1470,1550,1490,1460,1590,1480,1640,1590,1680,1670,1680,1780,1810,1890,1960,2000,2120,2170,2260,2330,2390,2480,2520,2590,3050,3140,3120,3230,3300,3360,3080,3290
Monaco,,,,,,,,,,,72.7k,75.5k,78.1k,82.5k,85.7k,84k,86.4k,88.3k,90.7k,92.9k,93.7k,93.8k,95.1k,94.8k,94.8k,95.1k,96.2k,97.5k,101k,104k,106k,106k,107k,105k,107k,108k,109k,110k,113k,116k,120k,123k,125k,126k,130k,133k,141k,162k,163k,142k,142k,148k,147k,157k,165k,170k,175k,169k,179k,191k,167k,204k
Moldova,,,,,,,,,,,,,,,,,,,,,,,,,,,,,,,,,,,,1500,1420,1450,1350,1310,1340,1420,1540,1640,1770,1910,2000,2070,2230,2100,2250,2390,2370,2590,2720,2730,2880,3070,3260,3440,3220,3690
Madagascar,818,814,811,783,793,769,764,784,815,822,841,848,812,767,759,746,702,697,659,703,690,604,576,566,560,551,546,537,540,546,546,497,488,483,468,461,456,458,461,468,474,488,415,442,452,460,471,483,501,467,457,451,452,450,453,456,462,468,470,479,434,442
Maldives,,,,,,,,,,,,,,,,,,,,,,,,,,,,,,,,,,,,5450,5750,6120,6460,6750,6900,6520,6880,7690,8020,6860,8450,8800,9300,8320,8620,9040,8950,9290,9580,9430,9620,9920,10.3k,10.8k,7010,9810
Mexico,3900,3960,4020,4200,4550,4710,4830,4950,5240,5250,5420,5450,5710,5970,6130,6290,6380,6400,6770,7220,7680,8150,7950,7520,7630,7650,7280,7280,7250,7420,7660,7830,7950,7950,8190,7530,7900,8290,8580,8670,8950,8780,8650,8640,8850,8930,9200,9290,9280,8680,9000,9200,9400,9400,9550,9750,9900,10000,10.1k,10k,9150,9530
Marshall Islands,,,,,,,,,,,,,,,,,,,,,,2400,2420,2680,2680,2410,2890,3040,3160,3010,3020,2960,3110,3230,3360,3580,3160,2910,2840,2770,2790,2970,3070,3020,3070,3130,3140,3260,3020,3140,3330,3340,3350,3530,3550,3700,3860,4090,4370,4980,5040,5260
North Macedonia,,,,,,,,,,,,,,,,,,,,,,,,,,,,,,,3570,3360,3170,2960,2930,2900,2920,2950,3040,3150,3280,3170,3240,3300,3450,3600,3780,4020,4230,4210,4340,4430,4410,4530,4690,4860,4990,5040,5180,5390,5070,5290
Mali,,,,,,,,340,348,344,359,363,378,366,355,389,434,453,438,473,443,441,399,398,389,458,463,454,480,491,469,514,488,493,501,495,518,532,558,574,557,623,623,658,647,667,675,676,685,695,709,708,682,678,703,724,742,756,768,779,746,745
Malta,,,,,,,,,,,3140,3210,3400,3550,3900,4630,5400,6030,6630,7250,7680,7880,7890,7730,7800,7870,8040,8310,8930,9570,10.1k,10.4k,10.8k,11.2k,11.7k,12.3k,12.7k,13.3k,13.9k,14.5k,17.2k,16.9k,17.2k,17.7k,17.7k,18.1k,18.5k,19.3k,19.9k,19.6k,20.6k,20.6k,21.2k,22.1k,23.3k,24.9k,25.2k,27.2k,27.9k,28.4k,25.4k,27.9k
Myanmar,,145,145,154,156,156,156,144,145,152,154,158,159,157,157,162,167,173,180,187,196,206,214,220,226,230,228,218,198,187,190,189,195,207,219,231,244,255,267,286,318,354,391,438,494,556,625,698,771,846,925,986,1040,1110,1200,1220,1340,1410,1490,1580,1620,1320
Montenegro,,,,,,,,,,,,,,,,,,,,,,,,,,,,,,,,,,,,,,4490,4720,4290,4430,4460,4530,4620,4820,5010,5440,5800,6210,5830,5980,6170,6000,6200,6310,6520,6710,7020,7380,7680,6520,7350
Mongolia,,,,,,,,,,,,,,,,,,,,,,1430,1510,1560,1610,1660,1770,1790,1830,1860,1770,1590,1420,1350,1360,1430,1450,1490,1520,1550,1560,1590,1650,1750,1920,2040,2200,2400,2590,2520,2650,3060,3370,3700,3910,3920,3890,4020,4240,4390,4110,4110
Northern Mariana Islands,,,,,,,,,,,,,,,,,,,,,,,,,,,,,,,,,,,,,,,,,,,20.8k,21.6k,21.7k,19.8k,19.2k,18.8k,17.6k,15.2k,16.3k,15.5k,15.7k,16.2k,17k,17.7k,23k,28.5k,23.2k,20.8k,,
Mozambique,,,,,,,,,,,,,,,,,,,,,247,254,231,191,175,173,166,190,205,216,215,221,204,219,223,218,235,254,273,297,294,321,342,356,374,389,416,437,457,473,489,511,531,551,574,594,598,601,604,600,576,573
Mauritania,,1240,1210,1150,1430,1610,1570,1580,1690,1660,1800,1780,1720,1590,1730,1590,1680,1600,1550,1570,1580,1590,1510,1520,1420,1420,1460,1450,1430,1460,1400,1380,1360,1380,1290,1380,1430,1340,1340,1350,1270,1220,1220,1270,1300,1380,1600,1530,1490,1450,1450,1460,1480,1500,1520,1560,1540,1600,1630,1670,1610,1610
Mauritius,,,,,,,,,,,,,,,,,2410,2520,2590,2630,2330,2430,2530,2520,2610,2770,3010,3260,3450,3580,3810,3940,4140,4300,4410,4560,4770,4980,5220,5290,5670,5810,5870,6170,6400,6470,6760,7110,7470,7690,8010,8320,8590,8860,9180,9510,9870,10.2k,10.7k,11k,9360,9700
Malawi,181,190,187,180,180,199,220,231,221,228,224,253,262,261,273,281,287,291,309,311,300,273,269,268,272,274,263,255,249,241,245,259,233,252,229,268,282,287,292,294,292,271,269,277,285,286,291,310,325,342,355,361,358,366,376,376,375,380,386,396,389,389
Malaysia,1290,1340,1390,1440,1480,1550,1620,1640,1730,1770,1830,1970,2100,2300,2430,2390,2600,2730,2830,3020,3160,3290,3400,3520,3690,3550,3490,3560,3800,4020,4260,4540,4800,5140,5450,5830,6240,6520,5880,6090,6460,6330,6510,6720,7000,7210,7440,7740,7950,7680,8100,8390,8710,8980,9370,9700,9980,10.4k,10.8k,11.1k,10.4k,10.6k
Namibia,,,,,,,,,,,,,,,,,,,,,3560,3560,3480,3320,3230,3150,3200,3200,3120,2980,2860,2990,3100,2960,2910,2940,2950,3000,3020,3050,3080,3060,3150,3240,3590,3630,3850,4000,4050,4010,4190,4330,4480,4650,4850,4970,4880,4750,4710,4600,4160,4200
New Caledonia,,,,,,,,,,,,,,,,,,,,,,,,,,,,,,,,,,,,,,,,,,,,,,,,,,,,,,,,32.4k,,,,,,
Niger,744,755,808,859,835,867,839,816,797,732,734,755,697,563,596,564,553,579,638,664,628,608,602,562,453,474,489,475,492,482,461,445,440,428,422,418,405,398,423,408,389,403,409,403,390,404,413,411,427,419,438,432,460,466,479,481,489,495,511,521,520,508
Nigeria,1460,1430,1460,1550,1590,1640,1530,1270,1220,1490,1820,2030,2050,2110,2290,2110,2230,2300,2100,2180,2200,1860,1680,1460,1410,1450,1410,1420,1490,1480,1610,1570,1610,1530,1470,1430,1450,1460,1460,1430,1460,1510,1690,1770,1880,1950,2010,2090,2170,2280,2400,2460,2490,2590,2680,2680,2570,2530,2510,2510,2400,2430
Nicaragua,1670,1740,1870,2010,2180,2310,2320,2400,2360,2420,2380,2380,2360,2430,2690,2610,2660,2790,2500,1790,1820,1870,1800,1840,1760,1650,1600,1550,1320,1270,1240,1210,1190,1160,1170,1210,1270,1290,1320,1390,1430,1450,1440,1460,1520,1570,1610,1670,1700,1620,1670,1750,1840,1900,1960,2030,2090,2150,2050,1950,1890,2050
Netherlands,14.3k,14.1k,14.9k,15.2k,16.3k,17.4k,17.7k,18.4k,19.4k,20.4k,21.4k,22k,22.6k,23.6k,24.2k,24k,24.9k,25.4k,25.9k,26.2k,26.4k,26k,25.5k,26k,26.7k,27.2k,27.8k,28.2k,29k,30.1k,31.1k,31.6k,31.9k,32.1k,32.8k,33.7k,34.7k,36k,37.5k,39.1k,40.5k,41.1k,40.9k,40.8k,41.5k,42.2k,43.6k,45.1k,45.9k,44k,44.4k,44.9k,44.2k,44.1k,44.5k,45.2k,45.9k,47k,47.8k,48.4k,46.3k,48.3k
Curaçao,,,,,,,,,,,,,,,,,,,,,,,,,,,,,,,,,,,,,,,,,21.5k,22.2k,22.2k,21.8k,21.5k,21.1k,20.9k,21k,21.2k,21k,20.7k,20.5k,20.4k,20k,19.5k,19.3k,18.9k,18.5k,18.2k,17.8k,14.7k,15.6k
Norway,19.1k,20.2k,20.6k,21.2k,22.1k,23.1k,23.8k,25k,25.4k,26.3k,26.6k,27.9k,29.2k,30.3k,31.3k,32.7k,34.4k,35.7k,36.9k,38.4k,40.1k,40.6k,40.5k,42k,44.4k,46.7k,48.4k,49.1k,48.7k,49k,49.7k,51k,52.6k,53.7k,56.1k,58.2k,60.8k,63.6k,64.9k,65.8k,67.4k,68.5k,69.1k,69.3k,71.7k,73k,74.2k,75.6k,75k,72.8k,72.4k,72.2k,73.2k,73k,73.7k,74.4k,74.5k,75.6k,76k,76k,75k,77.5k
Nepal,326,326,325,325,343,331,347,335,330,337,339,327,330,322,335,332,340,342,349,349,333,353,358,339,363,376,385,383,404,412,421,436,441,446,471,476,491,506,511,524,547,564,556,570,590,604,619,635,670,696,726,748,781,807,853,882,878,946,1010,1060,1020,1040
Nauru,,,,,,,,,,,,,,,,,,,,,,,,,,,,,,,,,,,,,,,,,,,,,3290,3190,3500,2710,3320,3620,4020,4410,4830,6160,7630,7740,7840,7230,7520,7390,7360,7350
New Zealand,,,,,,,,,,,,,,,,,,22.5k,22.5k,23.1k,23.4k,24.4k,24.4k,24.9k,25.9k,26.1k,26.8k,26.9k,26.7k,26.6k,26.4k,24.9k,24.9k,26.2k,27.2k,28k,28.6k,28.8k,28.8k,30.2k,30.9k,31.7k,32.7k,33.5k,34.3k,35.1k,35.6k,36.4k,35.7k,35.3k,35.4k,35.9k,36.5k,37.2k,38k,38.6k,39.2k,39.8k,40.4k,40.6k,39.2k,40.4k
Oman,,,,,,2690,2760,4490,7960,9760,10.8k,10.6k,11.4k,9470,10.2k,12.2k,14k,13.5k,12.3k,12.2k,12.2k,13.5k,14.3k,15.7k,17.3k,18.6k,17.8k,16.2k,16.2k,17.1k,16.3k,16.4k,17k,17.3k,17.4k,18k,18.2k,19k,19.2k,19k,20k,20.6k,20.1k,19.3k,19.3k,19.4k,20.1k,20.6k,21.9k,22.9k,21.8k,20.1k,19.9k,19.4k,18.7k,18.8k,18.8k,18.3k,18.3k,18k,17.7k,18.3k
Pakistan,371,384,392,416,437,470,485,498,519,533,578,565,555,578,581,588,600,605,633,634,671,693,708,729,743,773,788,809,841,853,862,877,920,913,920,937,953,935,932,939,949,953,952,986,1040,1080,1120,1150,1140,1150,1140,1150,1170,1200,1240,1280,1340,1380,1440,1450,1410,1470
Panama,2720,2930,3080,3240,3290,3480,3630,3830,3980,4190,4360,4650,4730,4850,4840,4790,4750,4690,5030,5130,5670,6050,6220,5810,5830,5980,6060,5820,4930,4900,5190,5560,5890,6080,6130,6110,6230,6500,6840,6970,7020,6930,6940,7100,7490,7870,8390,9230,9950,9900,10.3k,11.2k,12.1k,12.7k,13.2k,13.7k,14.1k,14.6k,14.9k,15.1k,12.2k,13.9k
Peru,2700,2820,3010,3050,3160,3240,3410,3440,3340,3370,3390,3460,3480,3600,3840,3910,3870,3780,3590,3650,3770,3880,3780,3300,3340,3330,3560,3820,3380,2900,2700,2700,2630,2710,2990,3150,3170,3320,3250,3240,3280,3260,3390,3500,3640,3830,4080,4400,4760,4780,5140,5420,5700,5980,6060,6180,6340,6400,6530,6550,5750,6440
Philippines,1100,1130,1150,1200,1200,1230,1250,1290,1310,1340,1360,1390,1430,1520,1530,1580,1670,1720,1760,1810,1850,1870,1890,1880,1700,1550,1570,1600,1670,1730,1740,1690,1660,1660,1690,1730,1780,1830,1780,1790,1830,1850,1880,1930,2020,2080,2150,2250,2300,2290,2420,2460,2590,2720,2840,2970,3130,3290,3440,3590,3200,3330
Palau,,,,,,,,,,,,,,,,,,,,,,,,,,,,,,,,,,,,,,,,,11.4k,12.1k,12.5k,12.1k,12.6k,13.2k,13.3k,13.7k,13.1k,12.4k,12.6k,13.7k,14.2k,13.8k,14.7k,15.8k,15.7k,15.1k,15.1k,15.1k,13.7k,11.8k
Papua New Guinea,1320,1370,1420,1450,1540,1660,1720,1750,1780,1890,2040,2120,2190,2280,2280,2210,2090,2060,2190,2190,2100,2050,2010,2030,1980,2020,2070,2080,2100,2020,1910,2020,2220,2530,2590,2410,2510,2320,2160,2120,2000,1930,1860,1840,1830,1890,1930,2010,1950,2020,2150,2120,2150,2180,2410,2500,2580,2600,2540,2590,2460,2410
Poland,,,,,,,,,,,,,,,,,,,,,,,,,,,,,,,5110,4740,4840,5010,5260,5630,5970,6350,6640,6950,7340,7440,7590,7860,8260,8550,9080,9730,10.1k,10.4k,10.8k,11.3k,11.5k,11.6k,12k,12.6k,12.9k,13.6k,14.4k,15.1k,14.8k,15.9k
Puerto Rico,6310,6630,7040,7480,7850,8450,8970,9460,9880,10.7k,11.5k,12k,12.6k,13.1k,13.2k,12.9k,13.5k,14.1k,14.9k,15.9k,16.3k,16.3k,15.9k,15.4k,16.1k,16.5k,17.1k,17.9k,18.8k,19.5k,18.7k,19k,19.8k,20.5k,21.2k,21.9k,22.2k,23.1k,24.2k,25.4k,26.1k,27.7k,27.9k,27.9k,30.4k,29.8k,29.5k,29.3k,29k,28.6k,28.6k,28.8k,29.2k,29.4k,29.6k,29.8k,30k,29.8k,29.7k,30.2k,28.1k,28.3k
Portugal,3930,4120,4360,4600,4890,5270,5530,5980,6540,6740,7660,8200,8870,9860,9840,9060,9410,9830,10k,10.5k,10.8k,10.9k,11.1k,11k,10.7k,11k,11.5k,12.2k,13.1k,14k,14.6k,15.2k,15.4k,15.1k,15.2k,15.8k,16.3k,16.9k,17.6k,18.2k,18.8k,19k,19.1k,18.8k,19.1k,19.2k,19.5k,20k,20k,19.3k,19.7k,19.4k,18.7k,18.6k,18.8k,19.3k,19.7k,20.4k,21.1k,21.6k,19.8k,20.8k
Paraguay,1500,1560,1580,1610,1640,1700,1690,1800,1840,1880,1940,2000,2090,2180,2310,2410,2530,2750,3000,3270,3560,3790,3630,3420,3420,3480,3550,3720,3830,3980,4040,4070,4030,4130,4240,4420,4390,4470,4380,4230,4060,3950,3900,4020,4130,4170,4330,4520,4760,4700,5160,5320,5210,5560,5770,5860,6030,6230,6340,6230,6100,6260
Palestine,,,,,,,,,,,,,,,,,,,,,,,,,,,,,,,,,,,2140,2190,2120,2320,2590,2730,2440,2150,1840,2040,2430,2630,2540,2570,2690,2840,2930,3130,3240,3310,3230,3270,3480,3460,3420,3380,2920,3050
French Polynesia,,,,,,24.6k,26k,23.9k,26.5k,24.9k,24.5k,26.4k,24.3k,25.4k,28.9k,26.6k,27.9k,27.6k,29.4k,29.6k,28.9k,28.7k,28.3k,28.2k,28.2k,27.2k,30.2k,29.8k,28k,28k,27.4k,27.8k,26.9k,26.1k,25.2k,24.7k,24.1k,23.7k,23.8k,23.8k,24.2k,23.7k,23.5k,23.7k,23.5k,23.3k,22.5k,22.3k,21.3k,20.4k,19.3k,18.2k,17.7k,17.7k,17.8k,18.3k,18.8k,19k,19.4k,19.7k,17.6k,17.7k
Qatar,,,,,,,,,,,,,,,,,,,,,,,,,,,,,,,,,,,,,,,,,52.2k,51.6k,52.6k,52k,59.6k,58.8k,62k,60.3k,60.5k,60.7k,68.3k,73.5k,72.9k,72k,69.7k,67k,64.2k,60.6k,60.1k,59.7k,58.5k,61k
Romania,,,,,,,,,,,,,,,,,,,,,,,,,,,,,,,5020,4410,4060,4120,4290,4570,4760,4540,4460,4450,4570,4870,5250,5410,6010,6330,6870,7480,8310,7920,7660,8040,8230,8290,8660,8980,9290,10.1k,10.8k,11.3k,10.9k,11.5k
Russia,,,,,,,,,,,,,,,,,,,,,,,,,,,,,,8110,7850,7430,6350,5800,5070,4860,4690,4760,4520,4820,5320,5620,5910,6370,6860,7320,7950,8640,9090,8380,8760,9120,9480,9620,9520,9310,9310,9470,9740,9960,9710,10.2k
Rwanda,342,318,346,305,261,272,283,294,305,328,337,331,322,324,319,303,352,349,370,402,423,430,422,431,399,403,410,395,400,389,371,353,366,326,190,305,291,290,306,315,337,361,401,401,420,447,476,498,539,558,584,614,651,666,690,733,758,769,815,871,822,890
Saudi Arabia,,,,,,,,,13.2k,13.4k,20.4k,23.5k,27.4k,32.3k,35.6k,30.7k,34.3k,34.9k,31.5k,33.5k,33.7k,32.7k,24.7k,19.8k,18k,15.5k,17.4k,15.5k,16.8k,16k,17.7k,19.6k,19.6k,18.7k,18.3k,17.8k,17.8k,17.5k,17.6k,16.5k,17k,16.4k,15.5k,16.9k,17.8k,18.2k,18k,17.6k,18k,17k,17.3k,18.6k,19.2k,19.3k,19.6k,20k,19.9k,19.3k,19.3k,19k,18.1k,18.7k
Sudan,1410,1370,1430,1350,1300,1350,1270,1250,1240,1230,1270,1260,1160,1130,1220,1360,1530,1560,1410,1290,1260,1300,1330,1310,1220,1120,1160,1300,1290,1400,1300,1370,1440,1480,1460,1510,1560,1800,1830,1850,1910,1970,2040,2110,2160,2210,2290,2340,2360,2220,2240,2380,2220,2210,2250,2230,2230,2180,2050,1950,1830,1750
Senegal,1170,1180,1140,1130,1140,1120,1120,1080,1110,1010,1060,1030,1070,977,989,1030,1100,1040,979,1020,1040,1060,1120,1030,1040,1050,1050,1080,1040,1050,1020,1010,998,984,958,985,981,987,1020,1060,1080,1100,1070,1100,1130,1150,1140,1140,1160,1160,1160,1150,1160,1160,1200,1240,1280,1340,1380,1410,1390,1440
Singapore,3610,3780,3950,4240,4000,4210,4530,4980,5560,6240,7000,7720,8590,9330,9730,9970,10.6k,11.1k,11.9k,12.8k,14k,14.7k,15.1k,16.2k,17.3k,17.1k,17.4k,19k,20.6k,22k,23.3k,24.1k,25k,27.1k,29.2k,30.4k,31.3k,32.8k,31k,32.6k,34.9k,33.6k,34.6k,36.7k,39.9k,41.8k,44.2k,46.2k,44.6k,43.3k,48.8k,50.7k,51.7k,53.3k,54.7k,55.6k,56.9k,59.5k,61.4k,61.3k,59k,66.2k
Solomon Islands,,,,,,,,,,,,,,,,,,,,,2250,2140,2030,2040,1980,1850,1790,1880,1840,1860,1850,1900,2080,2100,2210,2360,2330,2240,2210,2140,1790,1610,1530,1590,1670,1760,1790,1810,1880,1900,2030,2130,2130,2180,2150,2130,2200,2210,2220,2200,2080,2030
Sierra Leone,501,501,514,514,538,566,564,553,554,589,628,637,631,633,643,641,627,615,618,633,650,655,673,644,656,608,600,626,566,556,553,559,461,468,457,419,424,394,397,387,403,356,426,447,461,469,478,505,519,521,534,553,620,730,744,577,597,607,614,631,604,615
El Salvador,,,,,,2650,2770,2840,2860,2880,2900,2940,3040,3120,3200,3220,3310,3460,3570,3360,2780,2590,2400,2390,2380,2350,2310,2320,2320,2290,2360,2360,2480,2590,2680,2780,2780,2840,2900,2940,2960,2970,3000,3040,3070,3150,3290,3340,3400,3320,3370,3490,3570,3640,3690,3760,3850,3920,4010,4100,3760,4130
San Marino,,,,,,,,,,,,,,,,,,,,,,,,,,,,,,,,,,,,,,48.8k,51.6k,55.4k,55.8k,57.8k,56.6k,57.5k,59.1k,59.7k,61.1k,64.5k,63.5k,56.3k,52.3k,46.6k,42.5k,42k,41.6k,42.3k,42.9k,42.8k,43.3k,44.1k,41.4k,
Somalia,,,,,,,,,,,,,,,,,,,,,,,,,,,,,,,,,,,,,,,,,,,,,,,,,,,,,,335,348,388,405,399,414,428,424,428
Serbia,,,,,,,,,,,,,,,,,,,,,,,,,,,,,,,,,,,,2780,2960,3180,3300,3000,3190,3420,3640,3810,4160,4400,4650,4970,5270,5150,5210,5350,5340,5520,5460,5590,5810,5960,6260,6570,6550,7110
South Sudan,,,,,,,,,,,,,,,,,,,,,,,,,,,,,,,,,,,,,,,,,,,,,,,,,2290,2300,2300,2080,1070,1170,1200,1070,,,,,,
Sao Tome and Principe,,,,,,,,,,,,,,,,,,,,,,,,,,,,,,,,,,,,,,,,,,1070,1080,1140,1150,1190,1270,1280,1330,1330,1390,1420,1430,1470,1540,1570,1610,1640,1670,1680,1700,1690
Suriname,3870,3920,3930,3990,4100,4440,5120,5550,5770,5830,5790,5830,5720,5630,5680,5870,6440,7160,7710,7760,7120,7610,7260,6940,6750,6800,6760,6270,6670,6850,6470,6590,6560,6080,6230,6110,6050,6260,6280,6080,6100,6240,6310,6600,7070,7310,7640,7940,8180,8330,8660,9070,9210,9390,9320,8910,8380,8430,8750,8760,7280,7010
Slovak Republic,,,,,,,,,,,,,,,,,,,,,,,,,,,,,,,,,6650,6760,7150,7540,8020,8480,8820,8800,8910,9220,9640,10.2k,10.7k,11.4k,12.4k,13.7k,14.5k,13.7k,14.6k,15k,15.1k,15.2k,15.6k,16.4k,16.7k,17.2k,17.8k,18.2k,17.6k,18.2k
Slovenia,,,,,,,,,,,,,,,,,,,,,,,,,,,,,,,,,,,,13.3k,13.7k,14.4k,14.9k,15.7k,16.2k,16.7k,17.3k,17.8k,18.6k,19.2k,20.3k,21.6k,22.3k,20.4k,20.6k,20.7k,20.2k,19.9k,20.5k,20.9k,21.5k,22.6k,23.5k,24.1k,22.9k,24.7k
Sweden,16.5k,17.4k,18k,18.9k,20k,20.6k,20.8k,21.4k,22k,22.9k,24.4k,24.4k,24.9k,25.9k,26.6k,27.2k,27.4k,26.9k,27.2k,28.2k,28.7k,28.8k,29.1k,29.6k,30.9k,31.5k,32.2k,33.2k,33.9k,34.6k,34.6k,33.9k,33.4k,32.5k,33.5k,34.6k,35.1k,36.2k,37.7k,39.3k,41.1k,41.6k,42.4k,43.2k,44.9k,46k,47.9k,49.1k,48.5k,46k,48.4k,49.5k,48.9k,49k,49.9k,51.5k,52k,52.6k,53k,53.5k,52k,54.3k
Eswatini,,,,,,,,,,,946,1050,1070,1140,1170,1300,1230,1200,1180,1180,1280,1430,1400,1370,1410,1410,1520,1680,1710,1860,2170,2120,2110,2110,2160,2260,2300,2330,2360,2400,2410,2410,2490,2570,2650,2790,2940,3050,3060,3100,3200,3250,3410,3520,3530,3580,3590,3640,3700,3770,3670,3920
Sint Maarten (Dutch part),,,,,,,,,,,,,,,,,,,,,,,,,,,,,,,,,,,,,,,,,,,,,,,,,,32.4k,33.6k,35.8k,35k,33.6k,33.1k,32.3k,31.5k,29.2k,27.1k,,,
Seychelles,3230,2990,3150,3390,3500,3380,3750,3680,3860,3770,4010,4550,4720,5070,5050,5090,5800,5330,6420,7370,6990,6340,6230,6130,6370,7020,6960,6970,7320,8090,8610,8730,9310,9690,9360,9150,9460,10.5k,11.1k,11.1k,11.2k,10.9k,10.7k,10.2k,9940,10.8k,11.6k,12.7k,12.2k,12k,12.3k,13.7k,13.7k,14.3k,14.7k,15.2k,15.8k,16.3k,16.6k,17k,15.6k,16.6k
Syria,524,564,681,604,640,634,568,595,597,686,652,686,833,721,877,986,1070,1010,1080,1050,1160,1210,1210,1190,1060,1120,1000,983,1120,939,945,987,1080,1120,1170,1210,1300,1330,1380,1300,1270,1250,1270,1330,1380,1430,1440,1420,1430,1490,1540,1550,1150,891,856,857,813,806,803,781,727,
Turks and Caicos Islands,,,,,,,,,,,,,,,,,,,,,,,,,,,,,,,,,,,,,,,,,,,,,,,,,,,,25.2k,24k,23.2k,24.2k,25.8k,26.4k,24.7k,25.1k,25.4k,18.1k,18.2k
Chad,560,557,576,556,531,524,506,500,489,512,512,490,485,434,446,476,481,483,472,364,341,345,346,381,384,463,431,407,454,460,429,449,465,383,413,400,391,399,413,396,379,410,429,473,605,682,663,662,659,663,728,703,739,754,778,774,703,660,653,653,622,596
Togo,324,358,365,377,422,475,502,510,514,548,542,525,550,556,569,569,545,569,617,571,636,597,557,509,520,532,524,511,529,534,517,499,466,398,456,470,493,546,518,515,497,488,493,513,495,460,459,440,445,457,472,489,508,525,542,559,576,586,601,618,614,632
Thailand,598,612,638,669,693,727,784,827,869,899,974,993,1010,1080,1100,1130,1200,1290,1390,1440,1480,1530,1580,1640,1700,1740,1810,1940,2160,2390,2610,2790,2970,3170,3370,3600,3750,3600,3280,3400,3510,3600,3790,4020,4240,4390,4570,4780,4830,4760,5080,5090,5430,5540,5560,5710,5880,6100,6340,6460,6040,6120
Tajikistan,,,,,,,,,,,,,,,,,,,,,,,,,,1410,1410,1350,1500,1350,1310,1190,827,684,530,455,372,373,390,403,430,462,501,545,590,618,649,687,728,741,774,814,856,899,937,970,1010,1060,1120,1170,1200,1280
Turkmenistan,,,,,,,,,,,,,,,,,,,,,,,,,,,,2660,2880,2680,3530,3280,2720,2680,2170,1970,2060,1800,1900,2180,2260,2330,2300,2350,2430,2710,2970,3250,3670,3840,4120,4640,5070,5480,5940,6210,6480,6780,7090,7420,,
Timor-Leste,,,,,,,,,,,,,,,,,,,,,,,,,,,,,,,,,,,,,,,,,948,1080,994,954,938,943,881,948,1030,1110,1190,1230,1270,1280,1310,1320,1350,1290,1260,1530,1990,2060
Tonga,,,,,,,,,,,,,,,,,,,,,,2290,2400,2450,2490,2650,2710,2780,2710,2710,2640,2810,2810,2900,3040,3260,3310,3330,3390,3500,3510,3620,3770,3830,3720,3700,3680,3670,3840,3630,3650,3890,3930,3950,4050,4120,4410,4560,4590,4630,4640,4480
Trinidad and Tobago,4290,4800,4830,5010,5300,5250,5380,5420,5630,5720,5860,5860,6120,6130,6280,6290,6610,7120,7730,7890,8590,8870,9090,8060,7510,7110,6780,6390,6080,5970,6010,6150,6720,6630,6830,7060,7530,8070,8690,9360,9970,10.3k,11.1k,12.6k,13.5k,14.3k,16.1k,16.8k,17.2k,16.4k,16.8k,16.7k,17.6k,18.2k,18.7k,18.4k,17k,16.1k,15.7k,15.6k,14.4k,14.2k
Tunisia,,,,,,1090,1100,1080,1160,1180,1210,1300,1490,1440,1520,1580,1660,1670,1730,1800,1890,1940,1880,1920,1980,2040,1960,2030,1990,1970,2090,2120,2240,2240,2270,2290,2420,2520,2600,2730,2830,2900,2910,3020,3180,3260,3400,3590,3710,3790,3860,3730,3840,3890,3970,3960,3960,4010,4070,4090,3700,3830
Turkey,2510,2470,2540,2690,2770,2780,3010,3070,3200,3250,3270,3380,3550,3580,3700,3890,4210,4260,4230,4110,3930,4040,4100,4200,4380,4470,4680,5020,5040,4960,5320,5260,5430,5740,5380,5700,6020,6380,6430,6120,6450,5990,6290,6570,7110,7650,8070,8380,8340,7840,8390,9210,9510,10.1k,10.4k,10.9k,11k,11.7k,11.9k,11.9k,12.1k,13.3k
Tuvalu,,,,,,,,,,,,,,,,,,,,,,,,,,,,,,,2350,2390,2430,2510,2760,2610,2450,2690,3110,3060,3030,3030,3320,3160,3050,2870,2910,3080,3250,3000,2900,3050,2940,3050,3060,3380,3580,3660,3710,4180,4200,4280
Tanzania,,,,,,,,,,,,,,,,,,,,,,,,,,,,,512,517,539,536,526,516,504,506,519,526,532,543,552,569,594,617,646,675,699,726,747,767,794,831,844,874,905,929,959,990,1010,1040,1030,1040
Uganda,,,,,,,,,,,,,,,,,,,,,,,359,370,359,338,329,332,348,358,369,377,377,395,406,441,468,478,487,509,509,519,547,565,586,605,651,685,723,750,770,818,825,830,847,864,876,872,896,922,918,921
Ukraine,,,,,,,,,,,,,,,,,,,,,,,,,,,,3160,3220,3330,3110,2840,2550,2180,1690,1500,1360,1330,1320,1330,1420,1560,1660,1830,2070,2140,2320,2530,2600,2220,2320,2450,2460,2470,2350,2120,2190,2250,2340,2430,2350,2450
Uruguay,6160,6230,6060,6000,6080,6080,6200,5920,5980,6290,6400,6350,6230,6210,6350,6700,6910,6970,7300,7720,8130,8220,7390,6600,6490,6550,7090,7610,7680,7710,7690,7910,8490,8670,9240,9060,9510,10.3k,10.7k,10.4k,10.2k,9750,8980,9040,9490,10.2k,10.6k,11.3k,12k,12.5k,13.5k,14.1k,14.6k,15.2k,15.6k,15.7k,15.9k,16.1k,16.1k,16.2k,15.2k,15.9k
USA,19.1k,19.3k,20.1k,20.7k,21.6k,22.7k,23.9k,24.2k,25.1k,25.7k,25.3k,25.8k,26.9k,28.1k,27.7k,27.4k,28.6k,29.6k,30.9k,31.5k,31.2k,31.6k,30.8k,31.9k,33.9k,35k,35.9k,36.8k,38k,39k,39.3k,38.7k,39.6k,40.1k,41.2k,41.8k,42.9k,44.3k,45.7k,47.4k,48.7k,48.7k,49.1k,50k,51.5k,52.8k,53.7k,54.3k,53.9k,52k,53k,53.4k,54.2k,54.8k,55.7k,56.8k,57.3k,58.2k,59.6k,60.7k,58.5k,61.9k
Uzbekistan,,,,,,,,,,,,,,,,,,,,,,,,,,,,1470,1560,1570,1570,1520,1320,1260,1170,1140,1140,1180,1210,1250,1280,1310,1350,1390,1480,1560,1660,1790,1920,2040,2130,2230,2350,2490,2610,2750,2870,2940,3050,3160,3160,3330
St. Vincent and the Grenadines,1890,1940,1980,1830,1860,1850,1820,1620,1700,1730,1890,1920,2390,2100,1900,1740,1900,2140,2330,2390,2440,2530,2630,2670,2830,2990,3140,3140,3580,3620,3760,3790,4020,4180,4110,4420,4480,4630,4830,4970,5060,5150,5440,5820,6080,6270,6740,7000,7070,7000,6720,6710,6830,7040,7160,7390,7730,7890,8150,8210,7800,7930
Virgin Islands (U.S.),,,,,,,,,,,,,,,,,,,,,,,,,,,,,,,,,,,,,,,,,,,43.2k,43k,44.5k,46k,47.7k,49.6k,50.2k,46.9k,47.2k,43.3k,36.9k,34.7k,34.1k,34k,34.6k,34.4k,35.2k,36.3k,35.6k,
Vietnam,,,,,,,,,,,,,,,,,,,,,,,,,588,596,599,606,624,655,673,698,743,788,842,906,975,1040,1080,1120,1180,1240,1310,1390,1470,1570,1660,1770,1850,1930,2030,2140,2230,2330,2450,2600,2740,2900,3090,3290,3350,3410
Vanuatu,,,,,,,,,,,,,,,,,,,,2890,2500,2550,2540,2550,2730,2690,2620,2480,2380,2350,2570,2580,2580,2540,2700,2660,2660,2730,2700,2640,2730,2570,2380,2420,2450,2520,2670,2680,2760,2780,2750,2770,2730,2680,2700,2640,2700,2800,2820,2840,2620,2570
Samoa,,,,,,,,,,,,,,,,,,,,,,,2340,2350,2390,2480,2620,2630,2580,2670,2550,2480,2460,2540,2450,2580,2740,2730,2760,2790,2910,3100,3250,3410,3500,3720,3790,3780,3890,3840,4050,4170,3980,3940,3930,4050,4330,4350,4280,4420,4220,3860
Yemen,,,,,,,,,,,,,,,,,,,,,,,,,,,,,,,1790,1830,1910,1910,1960,2000,2030,2080,2140,2160,2230,2250,2280,2300,2330,2390,2400,2400,2420,2440,2550,2160,2150,2190,2120,1490,1310,1220,1190,,,
South Africa,3970,4010,4140,4310,4510,4640,4700,4880,4930,5010,5120,5180,5120,5200,5370,5310,5280,5140,5150,5210,5410,5550,5390,5150,5270,5050,4890,4820,4850,4800,4640,4480,4290,4270,4330,4390,4510,4570,4530,4590,4740,4820,4950,5050,5230,5460,5710,5950,6070,5910,6020,6130,6190,6260,6250,6200,6190,6230,6250,6190,5730,5950
Zambia,1200,1180,1110,1110,1210,1370,1250,1310,1280,1240,1260,1220,1300,1250,1290,1230,1270,1170,1140,1080,1080,1110,1040,992,958,945,924,921,952,918,890,868,832,868,774,777,805,815,791,806,815,833,844,875,907,941,981,1030,1070,1130,1200,1220,1270,1290,1310,1310,1320,1320,1330,1310,1240,1260
Zimbabwe,1140,1170,1150,1190,1140,1160,1140,1200,1180,1290,1530,1620,1700,1690,1740,1650,1610,1460,1400,1420,1540,1620,1600,1570,1480,1530,1520,1480,1550,1580,1650,1700,1500,1500,1630,1610,1750,1770,1790,1750,1680,1690,1530,1260,1180,1110,1060,1010,825,914,1100,1240,1410,1420,1410,1410,1390,1420,1460,1340,1210,1290
