country,1960,1961,1962,1963,1964,1965,1966,1967,1968,1969,1970,1971,1972,1973,1974,1975,1976,1977,1978,1979,1980,1981,1982,1983,1984,1985,1986,1987,1988,1989,1990,1991,1992,1993,1994,1995,1996,1997,1998,1999,2000,2001,2002,2003,2004,2005,2006,2007,2008,2009,2010,2011,2012,2013,2014,2015
Angola,,,,,,,,,,,,623,651,628,620,586,560,534,568,557,548,532,506,502,489,500,489,483,486,481,497,493,480,481,472,457,455,449,434,441,439,443,448,468,464,433,459,472,492,515,521,521,551,531,541,
Albania,,,,,,,,,,,,785,866,763,777,827,891,924,1010,864,1150,989,967,1000,1020,917,964,922,928,896,813,573,418,412,441,417,448,385,427,576,580,597,660,648,715,720,707,680,711,732,729,765,688,801,808,
UAE,,,,,,,,,,,,2940,2680,2960,2730,3570,4010,5810,5920,6130,7130,8060,8280,7530,9230,9940,10.6k,11k,10.5k,11.4k,10.7k,11.7k,10.6k,10.6k,11.2k,11.4k,11.4k,11.2k,10.8k,10.4k,9620,11.6k,11k,10.3k,10.5k,10.4k,9430,8540,8490,7500,7270,7500,7890,7990,7980,
Argentina,,,,,,,,,,,,1390,1390,1420,1430,1390,1410,1430,1430,1490,1490,1430,1420,1420,1450,1370,1430,1480,1510,1450,1410,1430,1490,1470,1540,1550,1580,1610,1650,1660,1660,1560,1500,1590,1720,1710,1840,1850,1930,1860,1930,1950,1940,1970,2030,
Armenia,,,,,,,,,,,,,,,,,,,,,,,,,,,,,,,2170,2250,1160,634,409,495,540,569,585,572,636,640,604,642,683,824,845,950,1010,880,843,927,1020,1000,1020,
Antigua and Barbuda,,,,,,,,,,,,,,,,,,,,,,,,,,,,,,,1560,,,,,,,,,,,,,,1710,1720,1770,1780,,,,,,,,
Australia,3060,3120,3170,3280,3350,3460,3550,3690,3760,3790,4060,3990,4040,4260,4290,4350,4410,4670,4630,4680,4740,4700,4820,4550,4640,4590,4620,4770,4700,5000,5060,4930,4960,5160,5100,5150,5420,5500,5580,5640,5680,5490,5610,5620,5650,5620,5780,5870,5960,5860,5790,5750,5580,5470,5330,5480
Austria,1550,1550,1680,1820,1860,1850,1900,1920,2050,2180,2420,2510,2630,2830,2730,2650,2870,2800,2890,3140,3070,2900,2830,2840,2950,3050,3060,3170,3200,3140,3240,3420,3250,3260,3230,3370,3580,3550,3610,3590,3570,3760,3770,3970,4010,4090,4080,4020,4030,3800,4050,3920,3890,3920,3760,3800
Azerbaijan,,,,,,,,,,,,,,,,,,,,,,,,,,,,,,,3160,3090,2460,2180,1950,1810,1510,1440,1490,1370,1400,1410,1410,1480,1540,1600,1560,1410,1520,1330,1280,1370,1470,1470,1500,
Belgium,2520,2570,2810,3040,3020,3120,3050,3180,3590,3880,4140,4100,4470,4720,4620,4320,4620,4590,4830,4980,4740,4420,4210,4160,4330,4470,4630,4730,4770,4800,4810,5010,5040,4900,5190,5270,5540,5520,5600,5610,5670,5630,5390,5590,5590,5560,5470,5340,5450,5200,5540,5090,4850,5000,4710,4690
Benin,,,,,,,,,,,,358,367,366,366,368,348,352,357,354,353,343,345,344,343,349,342,337,335,327,324,319,317,310,305,305,347,349,334,338,283,292,304,311,315,307,351,371,368,375,387,386,388,394,404,
Bangladesh,,,,,,,,,,,,83.2,84.7,89.3,90,90.1,93.7,93.7,94.7,96.2,100,99.5,102,102,101,104,108,104,112,115,119,115,119,123,126,135,133,137,140,139,141,152,152,158,158,162,171,177,184,192,206,211,218,220,227,
Bulgaria,,,,,,,,,,,,2230,2260,2380,2460,2670,2780,2950,3080,3200,3200,3190,3310,3370,3390,3420,3450,3410,3490,3430,3240,2540,2400,2590,2520,2750,2750,2500,2430,2230,2280,2420,2410,2490,2440,2600,2690,2670,2650,2350,2420,2620,2510,2330,2480,
Bahrain,,,,,,,,,,,,6100,5630,7930,8390,7480,9060,7870,7670,8710,7740,8220,8950,8330,8580,9580,9880,9160,10.1k,9850,10.1k,9620,10.2k,10.4k,10.7k,10.5k,10.2k,11.1k,11.3k,10.9k,11.2k,11.2k,11.3k,11.6k,10.8k,11.5k,11.5k,11.2k,11.4k,10.4k,10.4k,10.5k,10.3k,10.9k,10.8k,
Bahamas,,,,,,,,,,,,,,,,,,,,,,,,,,,,,,,2380,,,,,,,,,,,,,,1940,2000,2000,1980,,,,,,,,
Bosnia and Herzegovina,,,,,,,,,,,,,,,,,,,,,,,,,,,,,,,1560,1400,1040,940,381,398,447,666,814,798,1040,1000,1050,1050,1160,1230,1310,1320,1510,1600,1700,1910,1820,1780,2190,
Belarus,,,,,,,,,,,,,,,,,,,,,,,,,,,,,,,4470,4350,3620,3080,2620,2430,2500,2510,2470,2410,2460,2490,2550,2640,2750,2770,2970,2920,2930,2790,2900,3100,3230,2890,2940,
Belize,,,,,,,,,,,,,,,,,,,,,,,,,,,,,,,582,,,,,,,,,,,,,,570,574,596,599,,,,,,,,
Bolivia,,,,,,,,,,,,218,235,243,255,289,309,323,343,369,426,438,450,418,408,395,365,331,339,354,368,371,385,404,436,480,507,542,538,520,571,436,514,525,517,554,681,545,570,584,625,649,734,726,763,
Brazil,,,,,,,,,,,,707,739,791,822,838,859,867,901,936,931,873,867,869,905,946,970,987,981,983,930,932,926,934,968,985,1020,1060,1070,1080,1070,1070,1080,1090,1140,1150,1180,1230,1290,1240,1350,1360,1410,1460,1490,
Barbados,,,,,,,,,,,,,,,,,,,,,,,,,,,,,,,1240,,,,,,,,,,,,,,1400,1450,1470,1480,,,,,,,,
Brunei,,,,,,,,,,,,1280,1220,2310,3850,4640,5910,6190,5600,5640,7180,6700,6960,7110,7920,8020,6810,6760,5430,6110,6590,7240,7570,7100,6420,7510,7390,7460,7270,7250,7140,6480,6210,7080,6370,6050,8450,8520,9210,7800,8180,9650,9420,7390,8530,
Bhutan,,,,,,,,,,,,,,,,,,,,,,,,,,,,,,,100,,,,,,,,,,,,,,277,308,313,358,,,,,,,,
Botswana,,,,,,,,,,,,,,,,,,,,,,768,773,753,741,756,799,768,875,906,908,899,1010,981,940,938,892,915,1010,1020,1040,1030,1030,1010,973,986,1000,1010,1050,960,1030,970,1080,1120,1200,
Canada,4250,4310,4450,4690,4900,5150,5270,5560,5870,6090,6480,6440,6860,7080,7090,7170,7290,7430,7560,7860,7830,7560,7170,7080,7370,7470,7520,7670,7890,7960,7630,7520,7600,7770,7960,7980,8050,8060,7950,8110,8270,8060,7990,8340,8460,8420,8240,8210,8190,7800,7790,7910,7730,7740,7900,7630
Switzerland,1400,1450,1570,1870,1820,1940,1970,2040,2170,2330,2560,2640,2730,3000,2780,2710,2820,2880,3000,3040,3170,3090,2980,3170,3240,3410,3540,3430,3440,3340,3630,3640,3610,3490,3490,3420,3470,3530,3560,3550,3480,3670,3550,3540,3530,3490,3620,3410,3500,3480,3350,3210,3200,3300,3060,2960
Chile,,,,,,,,,,,,872,871,825,806,717,748,764,779,812,826,827,748,762,791,777,800,813,906,999,1050,1060,1120,1130,1200,1270,1390,1540,1570,1650,1640,1590,1630,1630,1720,1750,1810,1860,1820,1750,1810,1960,2150,2210,2040,2020
China,,,,,,,,,,,,465,477,484,486,527,537,577,617,619,609,597,607,622,651,658,671,694,720,724,767,737,753,788,816,867,882,872,869,879,899,929,985,1120,1270,1390,1520,1630,1670,1780,1950,2090,2150,2200,2220,
Cote d'Ivoire,,,,,,,,,,,,429,436,430,429,432,447,439,452,440,430,413,396,372,366,371,398,393,387,385,365,361,380,379,375,360,391,385,372,430,404,379,395,364,501,507,488,514,505,453,481,540,574,602,603,
Cameroon,,,,,,,,,,,,407,405,402,402,410,405,423,425,429,429,435,444,450,451,455,447,442,442,445,436,427,419,421,424,419,418,419,419,412,418,412,411,416,417,408,379,347,341,358,350,328,329,336,341,
"Congo, Dem. Rep.",,,,,,,,,,,,322,322,324,324,324,321,323,322,324,317,323,315,327,333,323,320,323,325,323,328,318,314,310,297,297,301,301,301,294,286,287,288,290,293,295,296,297,299,298,299,307,368,374,378,
"Congo, Rep.",,,,,,,,,,,,353,355,348,344,340,364,338,343,335,339,342,354,389,367,371,354,349,330,333,330,335,322,315,264,293,269,252,247,237,227,245,241,276,284,296,372,318,330,362,378,487,543,544,531,
Colombia,,,,,,,,,,,,647,633,623,645,660,671,676,658,628,676,670,673,679,686,682,726,735,742,732,743,736,738,757,768,767,772,736,757,666,658,645,623,627,624,641,666,653,676,693,696,690,689,728,729,
Comoros,,,,,,,,,,,,,,,,,,,,,,,,,,,,,,,41.4,,,,,,,,,,,,,,58.5,62.4,69.5,66.5,,,,,,,,
Cape Verde,,,,,,,,,,,,,,,,,,,,,,,,,,,,,,,79.7,,,,,,,,,,,,,,183,201,204,204,,,,,,,,
Costa Rica,,,,,,,,,,,,424,441,468,446,471,463,525,553,556,521,476,451,432,455,456,465,483,482,523,531,549,692,689,662,660,648,641,624,674,722,713,738,779,909,896,955,1020,1020,1000,1010,995,999,1010,1010,
Cuba,,,,,,,,,,,,1160,1100,1160,1210,1230,1280,1380,1460,1490,1490,1500,1510,1580,1530,1510,1490,1540,1600,1740,1640,1340,1170,972,998,994,1080,1110,1040,1070,1150,1120,1040,1030,1000,949,946,900,955,1010,1090,1030,1060,1020,1030,
Cyprus,,,,,,,,,,,,911,1150,1200,916,876,1010,1090,1140,1220,1270,1240,1240,1270,1290,1260,1400,1570,1580,1620,1730,1740,1940,2040,2280,1970,2140,2060,2160,2130,2250,2190,2180,2330,2140,2140,2190,2270,2360,2270,2160,2070,1930,1650,1680,
Czech Republic,,,,,,,,,,,,4620,4610,4550,4190,4340,4440,4720,4430,4700,4560,4570,4630,4650,4740,4760,4840,4980,4880,4740,4800,4350,4220,4090,3960,4020,4150,4180,4060,3780,3990,4110,4160,4360,4460,4400,4490,4470,4330,4030,4240,4080,4050,3990,3920,3860
Germany,1950,1990,2120,2280,2340,2380,2390,2390,2560,2770,3860,3900,4020,4240,4160,3980,4310,4340,4480,4690,4560,4400,4260,4270,4450,4600,4590,4620,4630,4510,4420,4300,4190,4120,4090,4120,4250,4200,4180,4080,4090,4210,4110,4080,4110,4090,4200,3990,4040,3790,4000,3870,3880,3940,3780,3820
Djibouti,,,,,,,,,,,,,,,,,,,,,,,,,,,,,,,225,,,,,,,,,,,,,,163,167,169,165,,,,,,,,
Dominica,,,,,,,,,,,,,,,,,,,,,,,,,,,,,,,305,,,,,,,,,,,,,,569,597,611,625,,,,,,,,
Denmark,1920,2020,2300,2500,2600,2820,3070,3060,3200,3700,3970,3730,3860,3780,3490,3450,3750,3830,3890,4020,3740,3380,3420,3230,3350,3770,3820,3820,3640,3410,3380,3730,3560,3650,3760,3710,4170,3850,3770,3600,3490,3580,3540,3730,3600,3490,3730,3620,3500,3330,3510,3230,3090,3130,2870,2820
Dominican Republic,,,,,,,,,,,,509,578,591,606,603,608,607,608,617,597,604,603,628,647,528,536,595,558,539,563,556,604,574,647,667,684,750,780,799,845,808,845,788,703,754,771,774,767,743,770,774,807,752,743,
Algeria,,,,,,,,,,,,246,278,326,342,351,382,412,492,606,598,630,793,829,794,802,876,839,862,832,869,898,898,881,832,851,810,816,832,876,877,867,915,959,958,984,1040,1080,1080,1160,1120,1140,1230,1250,1330,
Ecuador,,,,,,,,,,,,352,355,350,412,442,478,558,559,575,614,622,653,590,616,607,589,589,601,562,606,623,617,564,592,681,704,718,725,641,698,728,698,697,661,678,670,745,674,790,785,818,795,843,889,
Egypt,,,,,,,,,,,,219,237,216,236,253,288,307,309,331,345,392,418,451,487,513,512,531,530,550,564,551,552,559,526,547,569,580,608,608,569,626,632,643,681,777,806,846,862,865,831,853,858,803,783,
Eritrea,,,,,,,,,,,,,,,,,,,,,,,,,,,,,,,,,457,465,465,462,463,454,291,298,296,301,294,302,269,269,241,245,224,234,235,237,241,242,245,
Spain,531,558,605,624,684,715,791,881,994,1050,1120,1240,1300,1470,1580,1610,1710,1660,1760,1770,1810,1820,1760,1780,1810,1840,1880,1920,2070,2270,2320,2400,2430,2320,2440,2540,2490,2630,2760,2880,3000,3060,3110,3160,3240,3250,3190,3180,3030,2760,2740,2690,2680,2510,2460,2570
Estonia,,,,,,,,,,,,,,,,,,,,,,,,,,,,,,,6230,5840,4280,3640,3750,3620,4040,4010,3700,3460,3370,3540,3420,3800,3890,3850,3780,4240,4110,3650,4220,4240,4170,4620,4590,4170
Ethiopia,,,,,,,,,,,,478,478,479,479,477,473,470,470,471,478,478,472,474,476,478,481,483,480,479,479,475,467,471,473,474,475,474,474,472,473,476,476,477,478,476,477,478,478,478,478,480,480,484,485,
Finland,2200,2250,2360,2480,2680,2890,3070,3130,3340,3670,3870,3940,4190,4510,4380,4180,4460,4520,4660,4960,5150,4930,4810,4820,4910,5270,5480,5960,5590,5750,5690,5740,5380,5620,5970,5660,6070,6280,6320,6280,6260,6410,6730,7080,7130,6560,7110,6970,6670,6270,6830,6540,6280,6120,6210,5920
Fiji,,,,,,,,,,,,,,,,,,,,,,,,,,,,,,,366,,,,,,,,,,,,,,768,661,633,588,,,,,,,,
France,1700,1750,1870,2000,2110,2130,2140,2270,2380,2550,2960,3040,3180,3400,3260,3070,3260,3190,3380,3510,3480,3380,3280,3350,3450,3600,3640,3710,3680,3810,3860,4040,3950,4000,3840,3980,4190,4050,4150,4120,4130,4250,4220,4270,4300,4290,4190,4120,4110,3910,4020,3850,3840,3830,3660,3690
Gabon,,,,,,,,,,,,1760,1680,2270,2420,1960,1840,1950,2160,1870,1830,2010,2010,2010,1820,1590,1540,1420,1470,1330,1200,1210,1260,1300,1120,1200,1210,1200,1240,1180,1160,1210,1420,1630,1830,2060,2250,2430,2580,2740,2970,2310,1970,2780,2580,
UK,3030,3010,3090,3200,3210,3330,3310,3350,3410,3560,3680,3730,3750,3880,3730,3550,3620,3700,3680,3860,3520,3420,3400,3380,3370,3550,3600,3620,3640,3630,3600,3710,3680,3710,3730,3730,3880,3760,3790,3780,3790,3780,3690,3730,3690,3690,3600,3440,3360,3150,3230,2970,3040,2990,2780,2760
Georgia,,,,,,,,,,,,,,,,,,,,,,,,,,,,,,,2590,2080,1780,1550,969,800,834,756,716,669,704,640,639,685,708,728,781,866,781,812,825,944,994,1050,1180,
Ghana,,,,,,,,,,,,329,338,349,356,358,349,359,347,339,339,345,344,283,294,319,324,343,327,344,343,346,349,357,363,371,375,383,395,400,319,313,302,279,271,262,271,264,258,272,290,302,319,325,320,
Gibraltar,,,,,,,,,,,,1090,896,1030,1020,1120,969,929,889,1200,1130,930,1100,1160,1120,1270,1530,1750,2060,2000,2110,2800,3410,3420,3920,3830,3890,4020,4230,4400,4610,4720,4760,4800,5090,5180,5310,5230,5250,5580,5530,5300,5340,5670,6040,
Gambia,,,,,,,,,,,,,,,,,,,,,,,,,,,,,,,59.4,,,,,,,,,,,,,,67,65,66.6,75.4,,,,,,,,
Guinea-Bissau,,,,,,,,,,,,,,,,,,,,,,,,,,,,,,,76.7,,,,,,,,,,,,,,63.8,63.1,63.6,65.5,,,,,,,,
Equatorial Guinea,,,,,,,,,,,,,,,,,,,,,,,,,,,,,,,,,,,,,,,,,,,,,922,1440,1660,1850,,,,,,,,
Greece,289,322,350,368,434,479,547,608,652,726,873,984,1130,1320,1260,1300,1390,1470,1530,1600,1550,1510,1540,1600,1650,1770,1670,1790,1900,2090,2100,2090,2130,2090,2140,2150,2210,2280,2390,2390,2510,2580,2600,2670,2710,2750,2740,2730,2750,2650,2480,2410,2400,2130,2120,2180
Grenada,,,,,,,,,,,,,,,,,,,,,,,,,,,,,,,429,,,,,,,,,,,,,,676,717,730,725,,,,,,,,
Guatemala,,,,,,,,,,,,489,493,503,505,543,568,589,590,611,550,522,499,469,482,478,447,459,464,469,487,488,501,487,501,517,519,530,563,604,607,606,597,607,612,602,600,632,594,669,715,751,749,801,864,
Guyana,,,,,,,,,,,,,,,,,,,,,,,,,,,,,,,511,,,,,,,,,,,,,,630,652,659,661,,,,,,,,
"Hong Kong, China",,,,,,,,,,,,742,761,748,797,813,894,998,1080,919,914,995,1080,1150,1160,1210,1370,1470,1650,1660,1510,1550,1830,1780,1760,1720,1620,1550,2000,2430,2040,2110,1950,2010,1870,1840,1930,2060,2010,2110,1950,2090,1990,1940,1970,
Honduras,,,,,,,,,,,,484,481,484,478,477,480,493,490,491,495,477,501,477,474,456,455,466,475,481,471,462,468,465,470,486,474,504,527,451,449,472,478,507,533,543,516,592,574,538,540,587,583,580,587,
Croatia,,,,,,,,,,,,,,,,,,,,,,,,,,,,,,,1980,1740,1630,1680,1630,1690,1770,1880,1950,1930,1880,2020,2080,2230,2230,2260,2250,2340,2280,2210,2190,2140,2020,1980,1900,
Haiti,,,,,,,,,,,,316,319,322,329,335,348,352,359,366,369,301,306,308,305,301,230,232,235,235,225,221,225,213,192,222,250,259,254,253,240,241,267,252,255,374,378,390,389,388,386,395,403,399,399,
Hungary,,,,,,1430,1450,1480,1510,1610,1730,1840,1880,2040,2100,2170,2310,2430,2670,2640,2650,2630,2630,2590,2700,2790,2790,2890,2860,2870,2770,2640,2420,2480,2410,2500,2570,2530,2500,2490,2450,2510,2520,2580,2580,2730,2710,2660,2640,2480,2570,2500,2370,2270,2310,2430
Indonesia,,,,,,,,,,,,296,300,306,309,313,320,347,362,370,376,386,387,385,392,397,429,435,438,455,542,558,572,618,609,660,673,685,660,681,727,734,751,743,782,786,794,780,785,838,869,827,847,859,880,
India,,,,,,,,,,,,266,267,268,272,276,281,282,280,286,287,295,299,302,308,317,321,325,336,344,351,358,364,365,371,385,389,397,399,414,416,414,419,422,437,447,463,482,499,542,559,575,595,601,631,
Ireland,1320,1400,1410,1450,1520,1510,1630,1770,1880,1970,2020,2250,2190,2240,2270,2080,2110,2200,2180,2530,2410,2390,2360,2340,2350,2440,2500,2610,2590,2660,2820,2830,2780,2810,2940,2950,3120,3260,3420,3540,3630,3710,3660,3520,3560,3500,3420,3420,3290,3150,3150,2870,2850,2810,2740,2820
Iran,,,,,,,,,,,,567,541,666,769,811,896,973,913,1000,988,1060,1180,973,1090,1140,1110,1090,1080,1240,1240,1330,1360,1460,1610,1660,1580,1750,1750,1960,1880,2000,2050,2100,2250,2460,2530,2640,2790,2750,2710,2730,2800,2820,2960,
Iraq,,,,,,,,,,,,395,408,428,450,524,628,629,693,800,712,684,689,806,826,934,986,952,1120,1200,1140,894,1290,1600,1730,1600,1550,1790,1240,926,1050,1140,1050,937,937,921,863,885,941,1090,1200,1270,1350,1390,1350,
Iceland,3080,2920,3030,3280,3310,3440,3640,3590,3920,3550,4230,4380,4400,5270,5130,5070,5090,5600,5710,6520,6560,7180,7080,7250,7530,7330,7610,7860,7880,7980,8910,8050,7760,8250,8290,8260,8850,8580,9040,10k,11.1k,10.6k,10.8k,10.7k,10.5k,10.5k,12.7k,14.7k,16.4k,16.9k,17k,18.2k,17.6k,18.2k,17.9k,17.5k
Israel,,,,,,,,,,,,1870,1760,2370,1730,2030,1830,1790,1850,2010,2020,1840,1960,1790,1830,1790,2100,2280,2450,2490,2460,2320,2580,2630,2740,2800,2800,2880,2890,2740,2900,2970,2860,2950,2820,2660,2880,2900,3130,2870,3040,2980,3070,2870,2760,2780
Italy,795,891,1010,1120,1220,1320,1430,1550,1700,1830,2030,1950,2050,2180,2210,2110,2260,2200,2250,2340,2320,2270,2210,2200,2250,2280,2310,2410,2460,2570,2580,2650,2630,2610,2580,2800,2800,2830,2910,2960,3010,3020,3040,3170,3170,3210,3180,3150,3090,2870,2930,2830,2710,2580,2410,2480
Jamaica,,,,,,,,,,,,1070,1340,1500,1380,1340,1200,1160,1190,1210,1070,1070,1040,896,886,752,757,770,779,969,1160,1160,1210,1200,1210,1280,1330,1320,1360,1390,1460,1460,1350,1400,1410,1390,1550,1550,1300,1110,978,1040,1000,1040,1010,
Jordan,,,,,,,,,,,,301,317,348,355,399,498,494,587,583,687,822,896,931,979,951,975,988,935,898,941,923,983,924,944,965,958,952,962,939,962,933,959,959,1120,1180,1130,1110,1070,1100,1020,994,1090,1000,945,
Japan,867,972,1010,1150,1270,1370,1490,1740,1940,2210,2480,2530,2670,2950,2920,2730,2880,2900,2900,3040,2950,2860,2840,2820,3020,3000,3020,3040,3240,3350,3550,3570,3640,3660,3840,3930,4010,4040,3960,4010,4080,4010,3990,3950,4080,4060,4050,4010,3860,3680,3890,3610,3540,3570,3470,3430
Kazakhstan,,,,,,,,,,,,,,,,,,,,,,,,,,,,,,,4490,4560,4800,4010,3600,3300,2910,2580,2610,2410,2400,2320,2670,2890,3380,3360,4010,4270,4430,3940,4230,4670,4400,4790,4430,
Kenya,,,,,,,,,,,,445,449,445,447,443,450,457,455,455,456,452,444,435,444,447,470,472,468,468,462,456,454,452,444,452,456,450,454,451,454,446,439,435,444,446,452,448,450,463,470,467,461,476,516,
Kyrgyz Republic,,,,,,,,,,,,,,,,,,,,,,,,,,,,,,,1700,1520,1100,857,619,523,596,552,579,498,473,436,485,511,498,499,485,561,594,536,505,600,737,690,650,
Cambodia,,,,,,,,,,,,,,,,,,,,,,,,,,,,,,,,,,,,260,265,264,294,289,282,278,318,322,260,259,254,254,250,359,369,380,391,398,419,
Kiribati,,,,,,,,,,,,,,,,,,,,,,,,,,,,,,,94.7,,,,,,,,,,,,,,83.1,81.5,99.9,108,,,,,,,,
St. Kitts and Nevis,,,,,,,,,,,,,,,,,,,,,,,,,,,,,,,532,,,,,,,,,,,,,,1630,1690,1690,1770,,,,,,,,
South Korea,,,,,,,,,,,,516,551,632,675,693,758,866,935,1060,1080,1050,1100,1170,1260,1300,1480,1580,1760,1860,2170,2310,2530,2810,2960,3210,3450,3730,3380,3710,4000,4030,4170,4230,4330,4360,4410,4560,4630,4650,5050,5220,5250,5230,5290,5410
Kosovo,,,,,,,,,,,,,,,,,,,,,,,,,,,,,,,,,,,,,,,,,909,1120,1110,1170,1180,1140,1140,1180,1270,1380,1410,1410,1310,1300,1220,
Kuwait,,,,,,,,,,,,7130,7400,7350,6610,5910,6020,6090,6230,7380,7000,6550,6940,7010,6950,7430,7720,8070,9480,10.7k,5440,2010,5440,7440,8790,8940,8540,8340,9230,9600,9670,10k,10k,10.4k,10.9k,11.8k,10.9k,10.5k,10.8k,11.2k,10.9k,10.3k,11k,9580,9010,
Lebanon,,,,,,,,,,,,757,761,925,929,804,756,525,679,803,835,779,582,623,624,722,781,786,573,556,544,660,654,919,989,1110,1150,1280,1230,1270,1140,1200,1180,1160,1160,1090,1020,878,1110,1340,1280,1260,1380,1250,1190,
Libya,,,,,,,,,,,,802,1090,1250,1330,1600,1380,1630,1750,1860,2380,2450,2530,2470,2540,2750,2650,2810,2630,2780,2640,2610,2540,2570,2850,2960,3080,3080,3070,2980,3070,3090,3140,3150,3150,3040,3010,2740,2860,3030,3200,2210,2940,3240,2930,
St. Lucia,,,,,,,,,,,,,,,,,,,,,,,,,,,,,,,393,,,,,,,,,,,,,,731,744,715,764,,,,,,,,
Sri Lanka,,,,,,,,,,,,298,311,312,291,299,295,287,297,303,302,303,316,313,318,309,315,322,322,319,318,319,324,338,321,329,366,377,381,405,443,426,430,452,454,461,461,467,456,450,481,513,551,487,516,
Lesotho,,,,,,,,,,,,,,,,,,,,,,,,,,,,,,,,,,,,,,,,,,,,,14.1,16.7,9.61,9.58,,,,,,,,
Lithuania,,,,,,,,,,,,,,,,,,,,,,,,,,,,,,,4340,4600,2980,2470,2220,2400,2610,2490,2630,2260,2040,2380,2570,2710,2780,2660,2670,2930,2980,2770,2280,2410,2470,2360,2390,
Luxembourg,10.5k,10.5k,10.4k,10.5k,11.2k,10.9k,10.5k,10.4k,11.1k,12k,12.1k,11.9k,12k,12.6k,13k,10.5k,10.7k,10.3k,11.1k,10.5k,9770,8530,8060,7580,8110,8350,8160,7940,8160,8700,8870,9350,9260,9270,8820,7710,7710,7410,7070,7270,7680,7980,8200,8550,9390,9430,9170,8770,8610,7950,8330,8060,7720,7310,6860,6550
Latvia,,,,,,,,,,,,,,,,,,,,,,,,,,,,,,,2950,2790,2340,2060,1890,1850,1840,1820,1800,1660,1620,1760,1760,1890,1960,2020,2110,2180,2110,2060,2150,2070,2170,2160,2180,
Morocco,,,,,,,,,,,,188,198,214,226,229,241,258,267,278,275,269,272,276,278,277,279,281,289,309,310,320,334,341,360,351,363,369,371,389,386,404,405,399,467,488,490,498,511,508,526,559,560,554,554,
Moldova,,,,,,,,,,,,,,,,,,,,,,,,,,,,,,,3340,2780,2300,2050,1720,1600,1380,1320,1220,1060,986,1050,1060,1160,1170,1210,1200,1170,1170,1110,1230,1210,1190,1070,1160,
Maldives,,,,,,,,,,,,,,,,,,,,,,,,,,,,,,,226,,,,,,,,,,,,,,827,733,916,920,,,,,,,,
Mexico,,,,,,,,,,,,828,888,952,982,1010,1050,1100,1190,1270,1400,1470,1500,1390,1420,1450,1390,1430,1430,1460,1510,1560,1540,1540,1540,1460,1470,1520,1540,1560,1530,1560,1550,1610,1610,1690,1710,1680,1640,1620,1550,1610,1660,1640,1580,1560
Marshall Islands,,,,,,,,,,,,,,,,,,,,,,,,,,,,,,,,,,,,,,,,,,,,,533,534,553,592,,,,,,,,
North Macedonia,,,,,,,,,,,,,,,,,,,,,,,,,,,,,,,1210,1190,1340,1390,1250,1260,1480,1350,1440,1340,1320,1270,1250,1380,1350,1380,1440,1480,1480,1370,1400,1520,1440,1310,1270,
Malta,,,,,,,,,,,,696,873,844,775,688,778,823,950,908,1010,1130,1260,945,1250,1020,1680,1750,1870,1980,1960,1850,1810,2290,2060,1880,1840,2050,1790,1940,1730,2000,1850,2070,2070,2180,2060,2160,2040,1890,2010,1990,2090,1800,1780,
Myanmar,,,,,,,,,,,,283,282,271,277,276,281,281,279,279,282,280,281,279,283,298,298,282,274,277,266,258,263,257,270,275,272,275,279,276,282,273,279,300,314,312,314,324,310,292,284,288,312,328,378,
Montenegro,,,,,,,,,,,,,,,,,,,,,,,,,,,,,,,,,,,,,,,,,,,,,,1750,1910,1930,2070,1650,1900,1820,1710,1580,1540,
Mongolia,,,,,,,,,,,,,,,,,,,,,,,,,,1630,1710,1760,1820,1690,1580,1730,1490,1380,1170,1160,963,933,932,924,978,977,1040,1000,1020,1170,1320,1370,1360,1400,1460,1570,1710,1850,1850,
Mozambique,,,,,,,,,,,,800,764,745,717,688,657,646,606,588,589,563,551,533,515,502,488,481,476,466,445,435,432,428,412,403,398,399,393,392,404,414,409,420,425,420,422,428,425,430,432,436,431,433,447,
Mauritius,,,,,,,,,,,,434,435,439,449,449,460,475,476,468,446,435,415,426,432,433,491,512,514,561,629,634,658,679,658,697,702,713,750,775,851,887,873,909,920,946,1010,1010,1030,999,1050,1050,1070,1090,1110,
Malaysia,,,,,,,,,,,,574,567,549,605,621,658,647,810,925,900,934,923,1050,1050,1030,1120,1100,1120,1190,1250,1500,1600,1690,1630,1720,1850,2100,1940,1920,2130,2160,2180,2280,2390,2540,2490,2670,2730,2550,2560,2620,2630,2910,2930,
Namibia,,,,,,,,,,,,,,,,,,,,,,,,,,,,,,,,491,506,527,550,585,611,609,620,603,561,651,593,609,631,675,668,679,714,717,733,745,759,788,805,
Niger,,,,,,,,,,,,,,,,,,,,,,,,,,,,,,,,,,,,,,,,,126,126,126,127,128,125,124,125,126,129,134,112,127,154,149,
Nigeria,,,,,,,,,,,,584,590,602,605,614,628,642,652,659,670,679,693,695,679,683,672,677,680,685,698,713,722,715,680,681,692,698,685,692,700,716,719,740,741,750,736,741,743,711,745,766,785,767,751,
Nicaragua,,,,,,,,,,,,482,478,503,511,515,536,573,537,441,465,464,462,469,503,513,501,495,457,479,478,495,499,480,475,478,478,492,487,486,491,489,500,506,523,525,513,514,512,508,505,515,545,575,590,
Netherlands,1830,1880,2080,2270,2350,2490,2610,2760,3040,3360,3770,3860,4380,4610,4500,4320,4740,4560,4660,4870,4550,4270,3790,3940,4150,4180,4320,4390,4320,4320,4390,4600,4500,4510,4510,4780,5010,4840,4840,4730,4740,4840,4870,5020,5090,4990,4930,4910,4850,4720,5030,4640,4650,4600,4330,4230
Curaçao,,,,,,,,,,,,37.1k,36.1k,40.7k,37.6k,25.8k,28.4k,28.1k,25k,25.3k,26.5k,25k,27.4k,28.9k,19.9k,11.7k,11.1k,9540,8780,9470,10k,10.1k,10.5k,8850,9000,9060,9220,16.2k,18.8k,14.7k,15.7k,17k,16.7k,15.6k,16.2k,15.2k,14.6k,16.2k,15.3k,15.6k,13.7k,16.1k,13.4k,11.7k,12.7k,
Norway,1910,1940,2050,2180,2320,2540,2710,2820,3050,3190,3420,3410,3500,3610,3580,3650,3960,4060,4360,4470,4490,4410,4260,4430,4670,4820,5020,5050,4820,4980,4970,5110,5160,5460,5320,5390,5200,5480,5680,5910,5830,5950,5500,5930,5770,5800,5830,5860,6750,6480,6930,5650,5910,6420,5600,5820
Nepal,,,,,,,,,,,,286,288,290,290,289,288,289,289,291,292,291,292,294,295,291,294,293,293,291,295,297,296,295,299,301,302,305,307,318,330,336,334,339,340,347,344,348,358,367,376,388,370,410,426,
New Zealand,1690,1760,1790,1920,2180,2240,2290,2190,2320,2370,2460,2390,2620,2660,2880,2770,2930,3060,3030,2830,2890,2850,3010,3080,3250,3450,3460,3450,3610,3850,3850,3760,3810,3970,4060,4050,4130,4260,4160,4310,4430,4410,4340,4200,4240,4100,4050,4050,4080,4070,4230,4180,4360,4360,4550,4430
Oman,,,,,,,,,,,,123,123,133,197,303,458,860,609,875,1130,911,1310,1140,1770,1560,1380,1490,1360,1500,2340,3080,2750,2860,2830,2810,2840,3000,2980,3040,3230,3230,3360,3540,3570,3940,6030,6790,5900,5860,6500,6860,6700,6400,6070,
Pakistan,,,,,,,,,,,,280,280,286,294,299,293,296,299,305,307,315,320,325,326,332,335,355,360,367,372,369,383,392,397,402,411,409,406,417,415,409,403,412,432,439,448,462,444,441,437,431,429,432,432,
Panama,,,,,,,,,,,,1060,1160,1240,1180,975,942,907,868,907,722,753,806,840,752,710,705,738,672,620,609,646,721,717,739,735,770,785,892,862,856,951,848,833,806,882,924,888,874,947,996,1060,1080,1040,1080,
Peru,,,,,,,,,,,,656,639,648,668,671,664,672,636,618,644,632,628,563,563,536,533,535,515,464,440,423,403,422,428,449,454,431,446,467,459,437,434,421,462,485,467,501,522,543,639,645,687,678,783,
Philippines,,,,,,,,,,,,399,391,425,416,431,440,447,442,455,463,454,454,482,423,434,423,433,447,459,466,455,464,453,474,486,490,503,505,507,513,481,478,469,458,450,439,432,439,411,427,422,441,449,470,
Palau,,,,,,,,,,,,,,,,,,,,,,,,,,,,,,,4800,,,,,,,,,,,,,,,,,,,,,,,,,
Poland,1830,1890,1980,1980,2030,2090,2140,2200,2290,2440,2550,2630,2690,2780,2880,3030,3160,3250,3490,3570,3560,3250,3410,3350,3210,3350,3460,3540,3500,3260,2710,2640,2570,2620,2500,2580,2680,2640,2460,2400,2320,2340,2310,2380,2380,2410,2540,2530,2560,2470,2640,2650,2570,2570,2470,2490
North Korea,,,,,,,,,,,,1260,1280,1280,1310,1330,1390,1450,1530,1620,1690,1710,1760,1800,1820,1860,1810,1710,1720,1690,1600,1500,1290,1170,1050,982,855,807,746,793,844,866,828,842,856,885,889,752,824,810,766,565,573,434,474,
Portugal,337,366,363,395,410,441,452,487,497,580,664,726,745,799,824,845,872,845,917,998,1020,1010,1120,1120,1120,1090,1210,1240,1300,1580,1680,1700,1810,1790,1830,2010,1990,2080,2240,2390,2390,2390,2480,2400,2460,2520,2390,2400,2340,2300,2220,2160,2040,2060,2030,2130
Paraguay,,,,,,,,,,,,555,557,588,569,543,563,597,650,643,677,658,653,650,643,639,647,726,755,801,757,761,739,748,798,853,853,907,876,819,752,752,735,741,739,723,737,756,785,787,833,834,844,823,848,
Qatar,,,,,,,,,,,,6960,6860,8750,6870,10.5k,7240,7640,6660,10.8k,11.9k,14.1k,15.4k,15k,16.2k,15.4k,15.7k,15.6k,15.7k,15.5k,14.8k,15.8k,16k,16.1k,15.7k,15.8k,16.3k,18.5k,18.4k,18.5k,16.9k,17.8k,19.1k,18.9k,21.4k,19.6k,19.3k,18k,15.7k,15k,16.1k,17.3k,20k,19.8k,19.9k,
Romania,,,,,,,,,,,,2060,2130,2300,2290,2430,2590,2740,2920,2880,2940,2900,2880,2890,2860,2860,2920,3030,3030,2990,2680,2230,2050,2000,1890,2050,2110,1990,1820,1610,1610,1660,1760,1830,1800,1810,1880,1900,1930,1710,1730,1780,1740,1600,1590,
Russia,,,,,,,,,,,,,,,,,,,,,,,,,,,,,,,5940,5870,5360,5060,4430,4290,4250,4070,3980,4140,4220,4290,4290,4460,4490,4540,4690,4710,4820,4530,4820,5050,5170,5080,4940,
Saudi Arabia,,,,,,,,,,,,1150,930,1020,1080,1110,1220,1300,1850,2320,3060,3960,4230,4410,3710,3570,3410,3900,4270,4100,3620,4050,4450,4470,4570,4470,4660,4330,4490,4450,4540,4550,4920,4860,5060,5020,5350,5320,5710,5850,6310,5910,6500,6100,6650,
Sudan,,,,,,,,,,,,602,593,591,575,553,531,525,511,494,502,485,487,486,474,485,483,467,491,485,504,495,487,465,526,514,514,513,507,549,506,517,549,522,510,507,530,499,493,496,495,484,407,406,405,
Senegal,,,,,,,,,,,,276,272,276,276,275,274,274,268,274,274,265,256,249,255,239,243,252,233,225,224,216,223,216,209,216,216,224,231,238,247,261,259,245,256,254,248,260,264,308,306,315,304,273,283,
Singapore,,,,,,,,,,,,1290,1570,1710,1800,1640,1690,1760,2210,2130,2130,2120,1990,2200,2460,2470,2630,2760,2980,2900,3780,4170,4590,5490,6460,5350,5360,5820,5080,4590,4630,5150,5070,6220,7370,5060,5260,4680,5090,4260,5010,5070,4900,4880,5120,
Solomon Islands,,,,,,,,,,,,,,,,,,,,,,,,,,,,,,,164,,,,,,,,,,,,,,123,120,120,127,,,,,,,,
El Salvador,,,,,,,,,,,,472,493,509,508,554,626,633,656,627,559,598,611,576,577,538,459,502,459,462,460,497,510,530,555,584,554,608,621,640,666,693,704,733,726,747,785,741,741,692,695,699,686,645,655,
Serbia,,,,,,,,,,,,,,,,,,,,,,,,,,,,,,,2600,2200,2020,1710,1570,1810,2180,2300,2300,1690,1830,1990,2120,2220,2420,2160,2300,2250,2290,2070,2140,2240,2020,2080,1860,
South Sudan,,,,,,,,,,,,,,,,,,,,,,,,,,,,,,,,,,,,,,,,,,,,,,,,,,,,,60.2,61,62.4,
Sao Tome and Principe,,,,,,,,,,,,,,,,,,,,,,,,,,,,,,,195,,,,,,,,,,,,,,241,266,266,259,,,,,,,,
Suriname,,,,,,,,,,,,,,,,,,,,,,,,,,,,,,,,,,,,,,,,,1320,1390,952,999,1080,1220,1150,1080,1120,1120,1310,1270,1400,1230,1210,
Slovak Republic,,,,,,,,,,,,3130,3220,3340,3460,3540,3630,3780,3930,3970,3980,3870,3750,3770,3930,4020,3980,4070,4110,4080,4020,3610,3410,3330,3260,3320,3360,3360,3260,3270,3290,3460,3480,3470,3420,3500,3470,3320,3410,3110,3310,3210,3080,3130,2940,3000
Slovenia,,,,,,,,,,,,,,,,,,,,,,,,,,,,,,,2860,2780,2580,2720,2830,3050,3180,3310,3250,3240,3220,3380,3420,3460,3570,3650,3650,3630,3840,3500,3580,3570,3420,3330,3240,3170
Sweden,2700,2740,2890,3080,3270,3440,3640,3630,4000,4300,4680,4450,4530,4770,4510,4760,5150,5050,5020,5230,4870,5100,4880,4940,5220,5660,5880,5760,5850,5590,5510,5650,5370,5330,5660,5700,5830,5670,5770,5660,5360,5680,5800,5650,5850,5710,5530,5470,5380,4880,5430,5270,5270,5150,4970,5100
Eswatini,,,,,,,,,,,,,,,,,,,,,,,,,,,,,,,362,,,,,,,,,,,,,,381,372,377,390,,,,,,,,
Seychelles,,,,,,,,,,,,,,,,,,,,,,,,,,,,,,,541,,,,,,,,,,,,,,3100,2750,2870,2410,,,,,,,,
Syria,,,,,,,,,,,,364,292,294,365,407,446,479,506,634,502,579,672,746,829,743,737,793,795,773,843,892,829,810,822,845,868,918,997,968,947,947,959,939,956,1120,1110,1090,1080,985,970,875,657,541,538,
Togo,,,,,,,,,,,,321,320,312,304,310,303,314,316,320,313,310,316,298,299,296,313,321,318,319,326,324,319,323,364,366,395,377,391,435,421,409,413,425,418,415,403,406,412,487,474,464,451,451,453,
Thailand,,,,,,,,,,,,372,380,401,400,424,450,468,476,492,481,476,471,424,460,489,504,547,613,674,759,812,852,886,966,1040,1150,1160,1070,1130,1150,1170,1280,1380,1470,1500,1520,1570,1610,1590,1730,1710,1820,1950,1930,
Tajikistan,,,,,,,,,,,,,,,,,,,,,,,,,,,,,,,980,913,733,567,429,376,356,350,366,362,343,331,325,325,345,338,342,359,335,286,285,280,295,320,337,
Turkmenistan,,,,,,,,,,,,,,,,,,,,,,,,,,,,,,,4710,3980,2640,2600,3220,3240,2780,2740,2830,3290,3260,3270,3370,3710,3820,3920,3960,4450,4440,3840,4310,4600,4680,4710,4720,
Timor-Leste,,,,,,,,,,,,,,,,,,,,,,,,,,,,,,,,,,,,,,,,,,,,,61.3,59.8,59.3,59.8,,,,,,,,
Tonga,,,,,,,,,,,,,,,,,,,,,,,,,,,,,,,257,,,,,,,,,,,,,,543,540,537,544,,,,,,,,
Trinidad and Tobago,,,,,,,,,,,,2640,2650,2570,2570,2200,2410,2700,3200,3270,3390,3560,3530,3620,4040,4240,4370,4070,4410,4250,4730,4660,5090,4840,4840,4700,5540,5200,6020,7000,7390,8210,8880,9880,10.3k,11.8k,13.1k,13.8k,13.3k,13.4k,14.2k,13.9k,13.5k,13.6k,13.5k,
Tunisia,,,,,,,,,,,,319,340,345,374,377,391,413,442,468,497,500,480,532,549,557,535,530,543,528,586,568,619,591,627,625,643,655,705,720,738,771,774,787,822,800,835,854,883,849,944,890,917,921,920,
Turkey,389,384,408,417,429,440,471,476,488,502,512,538,594,640,649,674,719,772,752,700,713,705,733,759,771,800,843,917,905,921,970,940,952,993,964,1040,1110,1150,1150,1120,1180,1080,1120,1160,1190,1230,1340,1420,1380,1350,1460,1530,1570,1530,1560,1630
Tanzania,,,,,,,,,,,,538,524,509,489,472,460,444,434,423,415,409,402,398,393,388,385,380,375,373,371,369,365,363,355,361,358,354,368,381,391,401,411,416,429,437,440,443,446,447,458,471,485,488,489,
Ukraine,,,,,,,,,,,,,,,,,,,,,,,,,,,,,,,4860,4850,4210,3730,3190,3180,2940,2840,2710,2720,2720,2760,2810,3030,3030,3030,2940,3000,2910,2490,2890,2770,2690,2550,2330,
Uruguay,,,,,,,,,,,,861,873,841,824,851,858,853,869,923,895,859,760,700,669,661,678,716,763,778,722,779,855,794,754,802,879,888,909,987,939,821,768,762,866,891,958,951,1240,1240,1220,1310,1380,1360,1390,
USA,5640,5610,5770,5990,6140,6310,6590,6810,7070,7330,7570,7640,7940,8160,7910,7660,8100,8290,8440,8330,7940,7650,7260,7200,7440,7460,7380,7620,7850,7890,7670,7630,7680,7710,7760,7760,7840,7830,7800,7920,8060,7830,7840,7790,7880,7850,7700,7760,7490,7060,7160,7030,6870,6910,6960,6800
Uzbekistan,,,,,,,,,,,,,,,,,,,,,,,,,,,,,,,2260,2290,2110,2150,2080,1880,1900,1900,2080,2110,2060,2050,2110,2020,1960,1800,1820,1780,1820,1590,1510,1610,1630,1420,,
St. Vincent and the Grenadines,,,,,,,,,,,,,,,,,,,,,,,,,,,,,,,262,,,,,,,,,,,,,,586,598,628,632,,,,,,,,
Venezuela,,,,,,,,,,,,1520,1430,1530,1760,1750,1760,1830,1920,1930,2150,2240,2170,2280,2160,2090,2130,2080,1950,1960,2000,2040,2230,2030,2310,2120,2210,2160,2230,2080,2100,2130,2270,2050,2150,2110,2310,2110,2320,2300,2520,2310,2480,2300,,
Vietnam,,,,,,,,,,,,308,304,311,285,296,259,262,262,266,272,269,271,273,270,267,273,283,279,267,267,265,271,288,283,297,308,327,344,350,364,384,415,431,473,496,504,537,568,614,674,666,671,664,,
Vanuatu,,,,,,,,,,,,,,,,,,,,,,,,,,,,,,,155,,,,,,,,,,,,,,141,138,139,153,,,,,,,,
Samoa,,,,,,,,,,,,,,,,,,,,,,,,,,,,,,,257,,,,,,,,,,,,,,298,302,301,304,,,,,,,,
Yemen,,,,,,,,,,,,105,79.9,131,105,88,104,109,112,110,138,132,150,153,155,157,164,187,192,189,188,220,231,193,194,212,210,217,225,247,255,275,259,281,298,309,321,305,312,336,317,260,228,306,,
South Africa,,,,,,,,,,,,1970,1950,2020,2030,2090,2110,2100,2150,2170,2220,2380,2520,2500,2640,2560,2580,2580,2590,2400,2280,2320,2120,2230,2270,2350,2370,2400,2350,2360,2330,2370,2310,2450,2650,2620,2570,2730,2900,2810,2740,2690,2620,2590,2690,
Zambia,,,,,,,,,,,,821,850,873,884,812,876,837,819,800,808,796,789,777,763,754,744,737,754,733,709,711,704,688,676,671,649,660,649,634,632,633,635,636,634,633,625,604,603,596,596,609,618,632,,
Zimbabwe,,,,,,,,,,,,1010,1000,1030,1010,970,993,940,920,922,921,877,850,839,824,852,872,922,905,899,919,950,956,902,890,895,877,854,860,904,846,838,818,777,753,787,798,775,714,721,737,787,815,833,,
